q_CEN2_All_K6.aln2_Cluster1.fa,20,CTTAAACCGCAACCCGATCT,147,150,153,154,155,156,157,158
q_CEN2_All_K6.aln2_Cluster1.fa,20,GTAAGAATTGTATCCTTGTT,4,5,6,7
q_CEN2_All_K6.aln2_Cluster1.fa,20,GTGTATGATTGAGTATAACA,131,132,133,134,135,136,137
q_CEN2_All_K6.aln2_Cluster1.fa,20,GTATGATTGAGTATAACAAC,133,134,135,136,137,138,139
q_CEN2_All_K6.aln2_Cluster1.fa,20,TGAGTATAACAACTTAAACC,140,141,142,143,144,145,146
q_CEN2_All_K6.aln2_Cluster1.fa,20,TGTGTATGATTGAGTATAAC,130,131,132,133,134,135,136
q_CEN2_All_K6.aln2_Cluster1.fa,20,ATGATTGAGTATAACAACTT,135,136,137,138,139,140,141
q_CEN2_All_K6.aln2_Cluster1.fa,20,AATTGTATCCTTGTTAGAAG,4,8,9,10,11,12
q_CEN2_All_K6.aln2_Cluster1.fa,20,GAATTGTATCCTTGTTAGAA,3,7,8,9,10,11
q_CEN2_All_K6.aln2_Cluster1.fa,20,TGTATGATTGAGTATAACAA,132,133,134,135,136,137,138
q_CEN2_All_K6.aln2_Cluster1.fa,20,TTAAACCGCAACCCGATCTT,148,154,155,156,157,158,159
q_CEN2_All_K6.aln2_Cluster1.fa,20,TTGAGTATAACAACTTAAAC,139,140,141,142,143,144,145
q_CEN2_All_K6.aln2_Cluster1.fa,20,AACTTAAACCGCAACCCGAT,145,148,151,152,153,154,155,156
q_CEN2_All_K6.aln2_Cluster1.fa,20,ACTTAAACCGCAACCCGATC,146,149,152,153,154,155,156,157
q_CEN2_All_K6.aln2_Cluster1.fa,20,TAAGAATTGTATCCTTGTTA,0,4,5,6,7,8
q_CEN2_All_K6.aln2_Cluster1.fa,20,GATTGAGTATAACAACTTAA,137,138,139,140,141,142,143
q_CEN2_All_K6.aln2_Cluster1.fa,20,AAGAATTGTATCCTTGTTAG,1,5,6,7,8,9
q_CEN2_All_K6.aln2_Cluster1.fa,20,ATTGAGTATAACAACTTAAA,138,139,140,141,142,143,144
q_CEN2_All_K6.aln2_Cluster1.fa,20,TATGATTGAGTATAACAACT,134,135,136,137,138,139,140
q_CEN2_All_K6.aln2_Cluster1.fa,20,AGAATTGTATCCTTGTTAGA,2,6,7,8,9,10
q_CEN2_All_K6.aln2_Cluster1.fa,20,TTGTATCCTTGTTAGAAGAC,6,10,11,12,13,14
q_CEN2_All_K6.aln2_Cluster1.fa,20,TGATTGAGTATAACAACTTA,136,137,138,139,140,141,142
q_CEN2_All_K6.aln2_Cluster2.fa,20,TGGAGTCAAATATTACTAGA,105,106,107,108,109,110,111
q_CEN2_All_K6.aln2_Cluster2.fa,20,TGAGTATAACAACTAGAACC,144,145,136,142,143
q_CEN2_All_K6.aln2_Cluster2.fa,20,AGTGAGTATAACAACTAGAA,144,140,141,142,143
q_CEN2_All_K6.aln2_Cluster2.fa,20,GCTTTGAGAAGCAATAAGAA,73,74,75,76,71
q_CEN2_All_K6.aln2_Cluster2.fa,20,CAAATATTACTAGATGTCAT,111,112,113,114,115,116,117
q_CEN2_All_K6.aln2_Cluster2.fa,20,GAGTCAAATATGACTTGATG,103,109,110,111,112,113,114
q_CEN2_All_K6.aln2_Cluster2.fa,20,GCCAAAGACTCATACGGACT,35,36,37,38,39,30
q_CEN2_All_K6.aln2_Cluster2.fa,20,GTCAAATATGACTAGATGTC,104,106,107,108,109,110,112,113,114,115,116
q_CEN2_All_K6.aln2_Cluster2.fa,20,AGTCAAATATGACTAGATGT,103,105,106,107,108,109,111,112,113,114,115
q_CEN2_All_K6.aln2_Cluster2.fa,20,TCAAAGCTTTGAGAAGCAAT,68,69,70,71
q_CEN2_All_K6.aln2_Cluster2.fa,20,ATATGACTAGATGTCATGTG,109,111,112,113,114,115,117,118,119,120,121
q_CEN2_All_K6.aln2_Cluster2.fa,20,TTAGAAGATACAAAGCCAAA,16,17,20,21,22,23,24,25
q_CEN2_All_K6.aln2_Cluster2.fa,20,CAACTAGAACCATAACCGGA,149,150,151,152,153,154,155
q_CEN2_All_K6.aln2_Cluster2.fa,20,AGTCAAATATTACTAGATGT,108,109,110,111,112,113,114
q_CEN2_All_K6.aln2_Cluster2.fa,20,AAGTAATGTTTCCTTGTTAG,8,0,5,6,7
q_CEN2_All_K6.aln2_Cluster2.fa,20,GAGTCAAATATTACTAGATG,107,108,109,110,111,112,113
q_CEN2_All_K6.aln2_Cluster2.fa,20,CATACGGACTTCGGCTACAC,39,40,45,46,47,48
q_CEN2_All_K6.aln2_Cluster2.fa,20,AAGCTAAAGTAATGTTTCCT,1,2
q_CEN2_All_K6.aln2_Cluster2.fa,20,AATATTACTAGATGTCATGT,113,114,115,116,117,118
q_CEN2_All_K6.aln2_Cluster2.fa,20,ATACAAAGCCAAAGACTCAT,32,23,28,29,30,31
q_CEN2_All_K6.aln2_Cluster2.fa,20,ATAAGAAGCTTGGTTAGTGT,80,82,84,85,86,87,88
q_CEN2_All_K6.aln2_Cluster2.fa,20,AGTATAAGAACTAGAACCGC,137,138,142,143,144,145,146,147,148,149
q_CEN2_All_K6.aln2_Cluster2.fa,20,AGACTCATACGGACTTCGGC,34,35,40,41,42,43
q_CEN2_All_K6.aln2_Cluster2.fa,20,TGAGTATAAGAACTAGAACC,136,137,138,140,141,142,143,144,145,146,147
q_CEN2_All_K6.aln2_Cluster2.fa,20,CAAATATGACTTGATGTCAT,107,111,113,114,115,116,117,118
q_CEN2_All_K6.aln2_Cluster2.fa,20,TTTGGAGTCAAATATTACTA,103,104,105,106,107,108,109
q_CEN2_All_K6.aln2_Cluster2.fa,20,TATGAGTGAGTATAACAACT,135,136,137,138,139,140
q_CEN2_All_K6.aln2_Cluster2.fa,20,CGGACTTCGGCTACACCATC,43,46,49,50,51,52
q_CEN2_All_K6.aln2_Cluster2.fa,20,AAAGCTAAAGTAGTGTTTCC,0,1
q_CEN2_All_K6.aln2_Cluster2.fa,20,GTTTTGGAGTCAAATATGAC,97,98,99,100,101,102,103,104,105,106,107,108,95
q_CEN2_All_K6.aln2_Cluster2.fa,20,AATAAGAAGCTTGGTTAGTG,79,81,83,84,85,86,87
q_CEN2_All_K6.aln2_Cluster2.fa,20,TTTAGCTACACCATCAAAGC,56,57,53,55
q_CEN2_All_K6.aln2_Cluster2.fa,20,TGAGAAGCAATAAGAAGCTT,72,73,75,76,77,78,79,80
q_CEN2_All_K6.aln2_Cluster2.fa,20,ACAAAGCCAAAGACTCATAC,32,33,34,24,25,30,31
q_CEN2_All_K6.aln2_Cluster2.fa,20,TATTACTAGATGTCATGTGT,115,116,117,118,119,120
q_CEN2_All_K6.aln2_Cluster2.fa,20,TTGAGAAGCAATAAGAAGCT,71,72,74,75,76,77,78,79
q_CEN2_All_K6.aln2_Cluster2.fa,20,AGTATGACAACTAGAACCAT,142,143,144,145,146,147,148
q_CEN2_All_K6.aln2_Cluster2.fa,20,TTTGGAGTCAAATATGACTA,97,98,100,101,102,103,104,106,107,108,109,110
q_CEN2_All_K6.aln2_Cluster2.fa,20,GAGTCAAATATGACTAGATG,102,104,105,106,107,108,110,111,112,113,114
q_CEN2_All_K6.aln2_Cluster2.fa,20,AAAGCTAAAGTAATGTTTCC,0,1
q_CEN2_All_K6.aln2_Cluster2.fa,20,GATTGAGTATAAGAACTAGA,131,133,134,135,136,137,138,139,140,141,142,143,144
q_CEN2_All_K6.aln2_Cluster2.fa,20,GAGAAGCAATAAGAAGCTTG,73,74,76,77,78,79,80,81
q_CEN2_All_K6.aln2_Cluster2.fa,20,AAGAAGCTTGGTTAGTATTT,88,89,90,83,87
q_CEN2_All_K6.aln2_Cluster2.fa,20,GTATGAGTGAGTATGACAAC,133,134,135,136,137,138,139
q_CEN2_All_K6.aln2_Cluster2.fa,20,TGTGTATGAGTGAGTATGAC,130,131,132,133,134,135,136
q_CEN2_All_K6.aln2_Cluster2.fa,20,CAAAGCTTTGAGAAGCAATA,72,69,70,71
q_CEN2_All_K6.aln2_Cluster2.fa,20,ATATTACTAGATGTCATGTG,114,115,116,117,118,119
q_CEN2_All_K6.aln2_Cluster2.fa,20,GATACAAAGCCAAAGACTCA,22,27,28,29,30,31
q_CEN2_All_K6.aln2_Cluster2.fa,20,TACAAAGCCAAAGACTCATA,32,33,24,29,30,31
q_CEN2_All_K6.aln2_Cluster2.fa,20,TGTTTTGGAGTCAAATATTA,96,100,101,102,103,104,105,106
q_CEN2_All_K6.aln2_Cluster2.fa,20,CTCATACGGACTTCGGCTAC,37,38,43,44,45,46
q_CEN2_All_K6.aln2_Cluster2.fa,20,ATGACTAGATGTCATGTGTA,111,113,114,115,116,117,119,120,121,122,123
q_CEN2_All_K6.aln2_Cluster2.fa,20,AGAAGCAATAAGAAGCTTGG,74,75,77,78,79,80,81,82
q_CEN2_All_K6.aln2_Cluster2.fa,20,TACGGACTTCGGCTACACCA,41,42,44,47,48,49,50
q_CEN2_All_K6.aln2_Cluster2.fa,20,GGAGTCAAATATTACTAGAT,106,107,108,109,110,111,112
q_CEN2_All_K6.aln2_Cluster2.fa,20,TGTTTTGGAGTCAAATATGA,96,97,98,99,100,101,102,103,104,105,106,107,94
q_CEN2_All_K6.aln2_Cluster2.fa,20,ATTTTGAGAAGCAATAAGAA,72,74,75,71
q_CEN2_All_K6.aln2_Cluster2.fa,20,TTGGAGTCAAATATTACTAG,104,105,106,107,108,109,110
q_CEN2_All_K6.aln2_Cluster2.fa,20,TGTTAGAAGATACAAAGCCA,14,18,19,20,21,22,23
q_CEN2_All_K6.aln2_Cluster2.fa,20,AAGCCAAAGACTCATACGGA,33,34,35,36,37,27,28
q_CEN2_All_K6.aln2_Cluster2.fa,20,TGGTTAGTGTTTTGGAGTCA,96,97,98,99,100,102,89,90,92,93,94,95
q_CEN2_All_K6.aln2_Cluster2.fa,20,TCAAATATGACTAGATGTCA,105,107,108,109,110,111,113,114,115,116,117
q_CEN2_All_K6.aln2_Cluster2.fa,20,CTAAAGTAATGTTTCCTTGT,2,4,5
q_CEN2_All_K6.aln2_Cluster2.fa,20,CTAGAACCATAACCGGATCT,152,153,154,155,156,157,158
q_CEN2_All_K6.aln2_Cluster2.fa,20,CATGTGTATGAGTGAGTATG,128,129,130,131,132,133,134
q_CEN2_All_K6.aln2_Cluster2.fa,20,CTAAAGTAGTGTTTCCTTGT,3,4,5,6
q_CEN2_All_K6.aln2_Cluster2.fa,20,TGATTGAGTATAAGAACTAG,130,132,133,134,135,136,137,138,139,140,141,142,143
q_CEN2_All_K6.aln2_Cluster2.fa,20,GAGTGAGTATAACAACTAGA,139,140,141,142,143
q_CEN2_All_K6.aln2_Cluster2.fa,20,ACCATCAAAGCCTTGAGAAG,64,65,66,61,62,63
q_CEN2_All_K6.aln2_Cluster2.fa,20,AGATACAAAGCCAAAGACTC,21,26,27,28,29,30
q_CEN2_All_K6.aln2_Cluster2.fa,20,TGGAGTCAAATATGACTAGA,100,102,103,104,105,106,108,109,110,111,112
q_CEN2_All_K6.aln2_Cluster2.fa,20,GTTTTGGAGTCAAATATTAC,101,102,103,104,105,106,107
q_CEN2_All_K6.aln2_Cluster2.fa,20,GTTAGAAGATACAAAGCCAA,15,19,20,21,22,23,24
q_CEN2_All_K6.aln2_Cluster2.fa,20,AATGTTTCCTTGTTAGAAGA,9,10,11,12,4
q_CEN2_All_K6.aln2_Cluster2.fa,20,AGAAGCTTGGTTAGTATTTT,88,89,90,91,84
q_CEN2_All_K6.aln2_Cluster2.fa,20,TACCATCAAAGCCTTGAGAA,64,65,60,61,62,63
q_CEN2_All_K6.aln2_Cluster2.fa,20,AAATATTACTAGATGTCATG,112,113,114,115,116,117
q_CEN2_All_K6.aln2_Cluster2.fa,20,GACTAGATGTCATGTGTATG,113,115,116,117,118,119,121,122,123,124,125,127
q_CEN2_All_K6.aln2_Cluster2.fa,20,GCTAAAGTAGTGTTTCCTTG,2,3,4
q_CEN2_All_K6.aln2_Cluster2.fa,20,GAAGCAATAAGAAGCTTGGT,75,76,78,79,80,81,82,83
q_CEN2_All_K6.aln2_Cluster2.fa,20,ACAACTAGAACCATAACCGG,148,149,150,151,152,153,154
q_CEN2_All_K6.aln2_Cluster2.fa,20,AAGACTCATACGGACTTCGG,33,34,39,40,41,42
q_CEN2_All_K6.aln2_Cluster2.fa,20,AGAAGATACAAAGCCAAAGA,18,22,23,24,25,26,27
q_CEN2_All_K6.aln2_Cluster2.fa,20,TTGGAGTCAAATATGACTAG,99,101,102,103,104,105,107,108,109,110,111
q_CEN2_All_K6.aln2_Cluster2.fa,20,AACTAGAACCATAACCGGAT,150,151,152,153,154,155,156
q_CEN2_All_K6.aln2_Cluster2.fa,20,TTTGAGAAGCAATAAGAAGC,70,71,73,74,75,76,77,78
q_CEN2_All_K6.aln2_Cluster2.fa,20,GTATTGTTTCCTTGTTAGAA,8,9,10,2,5
q_CEN2_All_K6.aln2_Cluster2.fa,20,TCATACGGACTTCGGCTACA,38,39,44,45,46,47
q_CEN2_All_K6.aln2_Cluster2.fa,20,GTGTATGAGTGAGTATGACA,131,132,133,134,135,136,137
q_CEN2_All_K6.aln2_Cluster2.fa,20,AAGATACAAAGCCAAAGACT,20,25,26,27,28,29
q_CEN2_All_K6.aln2_Cluster2.fa,20,TTAGTGTTTTGGAGTCAAAT,96,97,98,99,100,101,102,103,105,90,92,94,95
q_CEN2_All_K6.aln2_Cluster2.fa,20,AGTGAGTATGACAACTAGAA,138,139,140,141,142,143,144
q_CEN2_All_K6.aln2_Cluster2.fa,20,ACGGACTTCGGCTACACCAT,42,43,45,48,49,50,51
q_CEN2_All_K6.aln2_Cluster2.fa,20,GTCAAATATTACTAGATGTC,109,110,111,112,113,114,115
q_CEN2_All_K6.aln2_Cluster2.fa,20,ATTACTAGATGTCATGTGTA,116,117,118,119,120,121
q_CEN2_All_K6.aln2_Cluster2.fa,20,TAGAACCATAACCGGATCTT,153,154,155,156,157,158,159
q_CEN2_All_K6.aln2_Cluster2.fa,20,TTGTTAGAAGATACAAAGCC,13,17,18,19,20,21,22
q_CEN2_All_K6.aln2_Cluster2.fa,20,TTACTAGATGTCATGTGTAT,117,118,119,120,121,122
q_CEN2_All_K6.aln2_Cluster2.fa,20,GTAATGTTTCCTTGTTAGAA,8,9,10,2,7
q_CEN2_All_K6.aln2_Cluster2.fa,20,AGTAATGTTTCCTTGTTAGA,8,9,1,6,7
q_CEN2_All_K6.aln2_Cluster2.fa,20,CAATAAGAAGCTTGGTTAGT,78,79,80,82,83,84,85,86
q_CEN2_All_K6.aln2_Cluster2.fa,20,AGTCAAATATGACTTGATGT,104,110,111,112,113,114,115
q_CEN2_All_K6.aln2_Cluster2.fa,20,GTGTATGAGTGAGTATAACA,132,133,134,135,136,137
q_CEN2_All_K6.aln2_Cluster2.fa,20,GAGTATAAGAACTAGAACCG,137,139,141,142,143,144,145,146,147,148
q_CEN2_All_K6.aln2_Cluster2.fa,20,ACTCATACGGACTTCGGCTA,36,37,42,43,44,45
q_CEN2_All_K6.aln2_Cluster2.fa,20,TATGACAACTAGAACCATAA,144,145,146,147,148,149,150
q_CEN2_All_K6.aln2_Cluster2.fa,20,GCAATAAGAAGCTTGGTTAG,78,79,81,82,83,84,85
q_CEN2_All_K6.aln2_Cluster2.fa,20,TGACAACTAGAACCATAACC,146,147,148,149,150,151,152
q_CEN2_All_K6.aln2_Cluster2.fa,20,GAGTGAGTATGACAACTAGA,137,138,139,140,141,142,143
q_CEN2_All_K6.aln2_Cluster2.fa,20,ATGTTTCCTTGTTAGAAGAT,10,11,12,13
q_CEN2_All_K6.aln2_Cluster2.fa,20,GGTTAGTGTTTTGGAGTCAA,96,97,98,99,100,101,103,90,91,93,94,95
q_CEN2_All_K6.aln2_Cluster2.fa,20,AGCAATAAGAAGCTTGGTTA,78,80,81,82,83,84
q_CEN2_All_K6.aln2_Cluster2.fa,20,GTATGACAACTAGAACCATA,143,144,145,146,147,148,149
q_CEN2_All_K6.aln2_Cluster2.fa,20,GAGTATGACAACTAGAACCA,141,142,143,144,145,146,147
q_CEN2_All_K6.aln2_Cluster2.fa,20,GACAACTAGAACCATAACCG,147,148,149,150,151,152,153
q_CEN2_All_K6.aln2_Cluster2.fa,20,TAGAAGATACAAAGCCAAAG,17,21,22,23,24,25,26
q_CEN2_All_K6.aln2_Cluster2.fa,20,TAGTGTTTTGGAGTCAAATA,96,97,98,99,100,101,102,103,104,91,93,95
q_CEN2_All_K6.aln2_Cluster2.fa,20,CTAGATGTCATGTGTATGAT,129,115,116,117,118,119,120,121,122,123,124,125,126,127
q_CEN2_All_K6.aln2_Cluster2.fa,20,TATGACTAGATGTCATGTGT,110,112,113,114,115,116,118,119,120,121,122
q_CEN2_All_K6.aln2_Cluster2.fa,20,GTATAAGAACTAGAACCGCA,138,139,143,144,145,146,147,148,149,150
q_CEN2_All_K6.aln2_Cluster2.fa,20,AGCTTTGAGAAGCAATAAGA,72,73,74,75
q_CEN2_All_K6.aln2_Cluster2.fa,20,TATGAGTGAGTATGACAACT,134,135,136,137,138,139,140
q_CEN2_All_K6.aln2_Cluster2.fa,20,TGTGTATGAGTGAGTATAAC,131,132,133,134,135,136
q_CEN2_All_K6.aln2_Cluster2.fa,20,TCAAATATTACTAGATGTCA,110,111,112,113,114,115,116
q_CEN2_All_K6.aln2_Cluster2.fa,20,TTTTGAGAAGCAATAAGAAG,70,72,73,74,75,76,77
q_CEN2_All_K6.aln2_Cluster2.fa,20,AATATGACTAGATGTCATGT,108,110,111,112,113,114,116,117,118,119,120
q_CEN2_All_K6.aln2_Cluster2.fa,20,AAGCTTTGAGAAGCAATAAG,72,73,74,71
q_CEN2_All_K6.aln2_Cluster2.fa,20,TGACTAGATGTCATGTGTAT,112,114,115,116,117,118,120,121,122,123,124,126
q_CEN2_All_K6.aln2_Cluster2.fa,20,AAAGCCAAAGACTCATACGG,32,33,34,35,36,26,27
q_CEN2_All_K6.aln2_Cluster2.fa,20,TGAGTGAGTATAACAACTAG,138,139,140,141,142
q_CEN2_All_K6.aln2_Cluster2.fa,20,AGTGTTTTGGAGTCAAATAT,96,97,98,99,100,101,102,103,104,105,92,94,95
q_CEN2_All_K6.aln2_Cluster2.fa,20,ATTGAGTATAAGAACTAGAA,132,134,135,136,137,138,139,140,141,142,143,144,145
q_CEN2_All_K6.aln2_Cluster2.fa,20,TGTATGAGTGAGTATGACAA,132,133,134,135,136,137,138
q_CEN2_All_K6.aln2_Cluster2.fa,20,GTATGAGTGAGTATAACAAC,134,135,136,137,138,139
q_CEN2_All_K6.aln2_Cluster2.fa,20,TGAGTATAAGAACTAGAATC,137,139,142,143,144,145,146,147
q_CEN2_All_K6.aln2_Cluster2.fa,20,TTGAGTATAAGAACTAGAAT,136,138,141,142,143,144,145,146
q_CEN2_All_K6.aln2_Cluster2.fa,20,GTGTTTTGGAGTCAAATATT,99,100,101,102,103,104,105,95
q_CEN2_All_K6.aln2_Cluster2.fa,20,AGCCAAAGACTCATACGGAC,34,35,36,37,38,28,29
q_CEN2_All_K6.aln2_Cluster2.fa,20,ATGTGTATGAGTGAGTATGA,129,130,131,132,133,134,135
q_CEN2_All_K6.aln2_Cluster2.fa,20,ATACGGACTTCGGCTACACC,40,41,43,46,47,48,49
q_CEN2_All_K6.aln2_Cluster2.fa,20,CAAATATGACTAGATGTCAT,106,108,109,110,111,112,114,115,116,117,118
q_CEN2_All_K6.aln2_Cluster2.fa,20,TACTAGATGTCATGTGTATG,118,119,120,121,122,123
q_CEN2_All_K6.aln2_Cluster2.fa,20,AAAGTAGTGTTTCCTTGTTA,5,6,7
q_CEN2_All_K6.aln2_Cluster2.fa,20,TTGAGTATAAGAACTAGAAC,133,135,136,137,138,139,140,141,142,143,144,145,146
q_CEN2_All_K6.aln2_Cluster2.fa,20,GTGTTTTGGAGTCAAATATG,96,97,98,99,100,101,102,103,104,105,106,93,95
q_CEN2_All_K6.aln2_Cluster2.fa,20,TCAAATATGACTTGATGTCA,106,110,112,113,114,115,116,117
q_CEN2_All_K6.aln2_Cluster2.fa,20,TTTTGGAGTCAAATATGACT,96,97,98,99,100,101,102,103,104,105,106,107,108,109
q_CEN2_All_K6.aln2_Cluster2.fa,20,AAATATGACTTGATGTCATG,108,112,114,115,116,117,118,119
q_CEN2_All_K6.aln2_Cluster2.fa,20,AGCTAAAGTAGTGTTTCCTT,1,2,3
q_CEN2_All_K6.aln2_Cluster2.fa,20,ATGAGTGAGTATGACAACTA,135,136,137,138,139,140,141
q_CEN2_All_K6.aln2_Cluster2.fa,20,TATAAGAACTAGAACCGCAA,139,140,144,145,146,147,148,149,150,151
q_CEN2_All_K6.aln2_Cluster2.fa,20,AAAAGCTAAAGTAATGTTTC,0
q_CEN2_All_K6.aln2_Cluster2.fa,20,TATTGTTTCCTTGTTAGAAG,3,9,10,11,6
q_CEN2_All_K6.aln2_Cluster2.fa,20,ATGAGTGAGTATAACAACTA,137,138,139,140,141
q_CEN2_All_K6.aln2_Cluster2.fa,20,TGAGTATGACAACTAGAACC,140,141,142,143,144,145,146
q_CEN2_All_K6.aln2_Cluster2.fa,20,ATGATTGAGTATAAGAACTA,129,131,132,133,134,135,136,137,138,139,140,141,142,144
q_CEN2_All_K6.aln2_Cluster2.fa,20,AGCTACACCATCAAAGCTTT,56,58,59,60
q_CEN2_All_K6.aln2_Cluster2.fa,20,TAATGTTTCCTTGTTAGAAG,8,9,10,11,3
q_CEN2_All_K6.aln2_Cluster2.fa,20,GGAGTCAAATATGACTAGAT,101,103,104,105,106,107,109,110,111,112,113
q_CEN2_All_K6.aln2_Cluster2.fa,20,GACTCATACGGACTTCGGCT,35,36,41,42,43,44
q_CEN2_All_K6.aln2_Cluster2.fa,20,AAGCAATAAGAAGCTTGGTT,77,79,80,81,82,83,84
q_CEN2_All_K6.aln2_Cluster2.fa,20,AAAGCTTTGAGAAGCAATAA,72,73,70,71
q_CEN2_All_K6.aln2_Cluster2.fa,20,AAAAGCTAAAGTAGTGTTTC,0
q_CEN2_All_K6.aln2_Cluster2.fa,20,GTGAGTATGACAACTAGAAC,139,140,141,142,143,144,145
q_CEN2_All_K6.aln2_Cluster2.fa,20,ATTGTTTCCTTGTTAGAAGA,4,10,11,12,7
q_CEN2_All_K6.aln2_Cluster2.fa,20,GTTAGTGTTTTGGAGTCAAA,96,97,98,99,100,101,102,104,91,93,94,95
q_CEN2_All_K6.aln2_Cluster2.fa,20,AAGCTAAAGTAGTGTTTCCT,0,1,2
q_CEN2_All_K6.aln2_Cluster2.fa,20,TGTATGAGTGAGTATAACAA,133,134,135,136,137,138
q_CEN2_All_K6.aln2_Cluster2.fa,20,AGCTAAAGTAATGTTTCCTT,0,2,3
q_CEN2_All_K6.aln2_Cluster2.fa,20,TTTTGGAGTCAAATATTACT,102,103,104,105,106,107,108
q_CEN2_All_K6.aln2_Cluster2.fa,20,ACTAGAACCATAACCGGATC,151,152,153,154,155,156,157
q_CEN2_All_K6.aln2_Cluster2.fa,20,TAAAGTAATGTTTCCTTGTT,3,5,6
q_CEN2_All_K6.aln2_Cluster2.fa,20,TAAGAAGCTTGGTTAGTGTT,81,83,85,87,88,89
q_CEN2_All_K6.aln2_Cluster2.fa,20,CAAAGCCAAAGACTCATACG,32,33,34,35,25,26,31
q_CEN2_All_K6.aln2_Cluster2.fa,20,CCAAAGACTCATACGGACTT,36,37,38,39,40,30,31
q_CEN2_All_K6.aln2_Cluster2.fa,20,TGAGTGAGTATGACAACTAG,136,137,138,139,140,141,142
q_CEN2_All_K6.aln2_Cluster2.fa,20,CTTTGAGAAGCAATAAGAAG,72,73,74,75,76,77
q_CEN2_All_K6.aln2_Cluster2.fa,20,GAAGATACAAAGCCAAAGAC,19,24,25,26,27,28
q_CEN2_All_K6.aln2_Cluster2.fa,20,GTCAAATATGACTTGATGTC,105,109,111,112,113,114,115,116
q_CEN2_All_K6.aln2_Cluster2.fa,20,TAAAGTAGTGTTTCCTTGTT,4,5,6
q_CEN2_All_K6.aln2_Cluster2.fa,20,AAATATGACTAGATGTCATG,107,109,110,111,112,113,115,116,117,118,119
q_CEN2_All_K6.aln2_Cluster2.fa,20,ATGACAACTAGAACCATAAC,145,146,147,148,149,150,151
q_CEN2_All_K6.aln2_Cluster3.fa,20,ACACTATCAAAGCTTTGAGA,64,58,62,63
q_CEN2_All_K6.aln2_Cluster3.fa,20,CTTGATGTCATGTGTATGAC,123,124,125,119
q_CEN2_All_K6.aln2_Cluster3.fa,20,TGGCTAAACCATCAAAGCTT,56,57,58,59,60
q_CEN2_All_K6.aln2_Cluster3.fa,20,AAAGCCTAAATATTGTATCC,0,1
q_CEN2_All_K6.aln2_Cluster3.fa,20,ATACGGACTTCGACTACACC,39,40,47,48,49,50
q_CEN2_All_K6.aln2_Cluster3.fa,20,TTAGAAGATACAAAGATAAA,24,22,23
q_CEN2_All_K6.aln2_Cluster3.fa,20,ACAAAGACAAACACTCATAC,32,33,31
q_CEN2_All_K6.aln2_Cluster3.fa,20,AAAAGCCTAAGTATTGTATC,0
q_CEN2_All_K6.aln2_Cluster3.fa,20,TGATTGAGTATAAGAAATTA,136,139,140,141
q_CEN2_All_K6.aln2_Cluster3.fa,20,GAGTATAAGAAATTAAACCG,144,145,146,141
q_CEN2_All_K6.aln2_Cluster3.fa,20,AGAAGATACAAAGACAAAGA,16,17,23,24,25,26,27
q_CEN2_All_K6.aln2_Cluster3.fa,20,GCCTAAGTATTGTATCCTTG,2,3,4
q_CEN2_All_K6.aln2_Cluster3.fa,20,AAGTATTGTATCATTGTTAG,8,7
q_CEN2_All_K6.aln2_Cluster3.fa,20,CTTGATGTCATGTGTATGAG,121,123,124,125,126
q_CEN2_All_K6.aln2_Cluster3.fa,20,CGGACTTTGGCTACACCATC,50,51,52
q_CEN2_All_K6.aln2_Cluster3.fa,20,GATGTGATGTGTATGATTGA,128,124,125,126,127
q_CEN2_All_K6.aln2_Cluster3.fa,20,TACAAAGACAAACACTCATA,32,30,31
q_CEN2_All_K6.aln2_Cluster3.fa,20,CAAAGCTTTTAGAAGCAAGA,69,70,71
q_CEN2_All_K6.aln2_Cluster3.fa,20,AGTATTGAATCTTTGTTAGA,8,9
q_CEN2_All_K6.aln2_Cluster3.fa,20,TTAGAAGATACATAGACAAA,24,22,23
q_CEN2_All_K6.aln2_Cluster3.fa,20,AAGCCTAAGTATTGTATCCT,0,1,2
q_CEN2_All_K6.aln2_Cluster3.fa,20,ATACGGACTTCGACTACACT,48,49,43,47
q_CEN2_All_K6.aln2_Cluster3.fa,20,TATGAGTGAGTATAAAAACT,135,136,137,138,139,140
q_CEN2_All_K6.aln2_Cluster3.fa,20,TTCGACTACACTATCAAAGC,56,57,51,55
q_CEN2_All_K6.aln2_Cluster3.fa,20,TGAGTATAAAAACTAGAACC,141,142,143,144,145,146
q_CEN2_All_K6.aln2_Cluster3.fa,20,GTATTGTATCCTTGTTAGAA,9,10
q_CEN2_All_K6.aln2_Cluster3.fa,20,AGACAAACACTCATACGGAC,35,36,37
q_CEN2_All_K6.aln2_Cluster3.fa,20,CCATCAAAGCTTTTAGAAGC,65,66,67
q_CEN2_All_K6.aln2_Cluster3.fa,20,AAGACAAAGACTCATACGGA,27,34,35,36,37
q_CEN2_All_K6.aln2_Cluster3.fa,20,TATCCTTGTTAGAAGATACA,16,8,14,15
q_CEN2_All_K6.aln2_Cluster3.fa,20,GAACTTAAACCGCAACCTTA,152,153,154,155,151
q_CEN2_All_K6.aln2_Cluster3.fa,20,TGTTAGAAGATACATAGACA,20,21,22
q_CEN2_All_K6.aln2_Cluster3.fa,20,ACTAGAACCGCAACGGATCT,150,152,153,154,155,156,157
q_CEN2_All_K6.aln2_Cluster3.fa,20,GAGTGAGTATAAAAACTAGA,138,139,140,141,142,143
q_CEN2_All_K6.aln2_Cluster3.fa,20,TTCGACTACACCATCAAAGC,47,48,51,55,56,57,58
q_CEN2_All_K6.aln2_Cluster3.fa,20,AAACACTCATACGGACTTTG,40,41,39
q_CEN2_All_K6.aln2_Cluster3.fa,20,AATCTTTGTTAGAAGATACA,16,15
q_CEN2_All_K6.aln2_Cluster3.fa,20,AACACTCATACGGACTTTGG,40,41,42
q_CEN2_All_K6.aln2_Cluster3.fa,20,ACTACACCATCAAAGCTTTG,51,52,54,55,57,59,60,61,62
q_CEN2_All_K6.aln2_Cluster3.fa,20,AAAACCTAAGTATTGAATCT,0,1
q_CEN2_All_K6.aln2_Cluster3.fa,20,AAACCATCAAAGCTTTGAGA,64,65,62,63
q_CEN2_All_K6.aln2_Cluster3.fa,20,ATACAAAGACAAACACTCAT,29,30,31
q_CEN2_All_K6.aln2_Cluster3.fa,20,AGAAGATACAATGACGAAGA,25,26
q_CEN2_All_K6.aln2_Cluster3.fa,20,GACTACACCATCAAAGCTTT,50,51,53,54,56,58,59,60,61
q_CEN2_All_K6.aln2_Cluster3.fa,20,ATTGAGTATAAGAAATTAAA,138,141,142,143
q_CEN2_All_K6.aln2_Cluster3.fa,20,TTTGGATTCGAATATGACTT,106,107,108,102
q_CEN2_All_K6.aln2_Cluster3.fa,20,CTCATACGGACTTTGGCTAC,44,45,46
q_CEN2_All_K6.aln2_Cluster3.fa,20,CAAAGACTCATATGGACTTC,40,30,38,39
q_CEN2_All_K6.aln2_Cluster3.fa,20,AAGACAAACACTCATACGGA,34,35,36
q_CEN2_All_K6.aln2_Cluster3.fa,20,ACAAAGACAAAGACTCATAT,32,33,34,23,30,31
q_CEN2_All_K6.aln2_Cluster3.fa,20,GTGTATGAGTGAGTATAAAA,132,133,134,135,136,137
q_CEN2_All_K6.aln2_Cluster3.fa,20,TATGGACTTCGGCTAAACCA,48,49,50
q_CEN2_All_K6.aln2_Cluster3.fa,20,AAGACAAAGACTCATATGGA,33,34,35,36,26
q_CEN2_All_K6.aln2_Cluster3.fa,20,ACAAAGACTCATATGGACTT,29,36,37,38,39
q_CEN2_All_K6.aln2_Cluster3.fa,20,ACAAAGACAAAGACTCATAC,32,33,34,24,31
q_CEN2_All_K6.aln2_Cluster3.fa,20,GAATCTTTGTTAGAAGATAC,14,15
q_CEN2_All_K6.aln2_Cluster3.fa,20,AAGAACTTAAACCGCAACCT,142,149,150,151,152,153
q_CEN2_All_K6.aln2_Cluster3.fa,20,TTTAGAAGCAAGAAGAAGCT,73,75,76,77,78
q_CEN2_All_K6.aln2_Cluster3.fa,20,AAGCCTAAATATTGTATCCT,0,1,2
q_CEN2_All_K6.aln2_Cluster3.fa,20,CTCATACGGACTTCGACTAC,36,37,40,44,45,46,47
q_CEN2_All_K6.aln2_Cluster3.fa,20,CTTGTTAGAAGATACATAGA,18,19,20
q_CEN2_All_K6.aln2_Cluster3.fa,20,TGTGTATGAGTGAGTATAAA,131,132,133,134,135,136
q_CEN2_All_K6.aln2_Cluster3.fa,20,GTTAGAAGATACATAGACAA,21,22,23
q_CEN2_All_K6.aln2_Cluster3.fa,20,AAAACTAGAACCGCAACGGA,149,150,151,152,153,154
q_CEN2_All_K6.aln2_Cluster3.fa,20,GACAAAGACTCATATGGACT,28,35,36,37,38
q_CEN2_All_K6.aln2_Cluster3.fa,20,TTGTATCCTTGTTAGAAGAT,11,12,13,5
q_CEN2_All_K6.aln2_Cluster3.fa,20,TGTTAGAAGATACAATGACG,21,22
q_CEN2_All_K6.aln2_Cluster3.fa,20,CTTCGACTACACCATCAAAG,46,47,50,54,55,56,57
q_CEN2_All_K6.aln2_Cluster3.fa,20,TACGGACTTCGACTACACTA,48,49,50,44
q_CEN2_All_K6.aln2_Cluster3.fa,20,GTTAGAAGATACAAAGATAA,21,22,23
q_CEN2_All_K6.aln2_Cluster3.fa,20,TATAAGAAATTAAACCGCAA,144,147,148,149
q_CEN2_All_K6.aln2_Cluster3.fa,20,GATACAATGACGAAGACTCA,29,30
q_CEN2_All_K6.aln2_Cluster3.fa,20,AAGATACAATGACGAAGACT,27,28
q_CEN2_All_K6.aln2_Cluster3.fa,20,AGAACTTAAACCGCAACCTT,152,153,154,150,151
q_CEN2_All_K6.aln2_Cluster3.fa,20,GTTAGAAGATACAAAGACAA,14,20,21,22,23
q_CEN2_All_K6.aln2_Cluster3.fa,20,ATGTGATGTGTATGATTGAG,128,129,125,126,127
q_CEN2_All_K6.aln2_Cluster3.fa,20,ATATGACTTGATGTGATGTG,112,114,115,116,117,118,119,120
q_CEN2_All_K6.aln2_Cluster3.fa,20,ATTGAATCTTTGTTAGAAGA,11,12
q_CEN2_All_K6.aln2_Cluster3.fa,20,TTGATGTCATGTGTATGACT,120,124,125,126,127
q_CEN2_All_K6.aln2_Cluster3.fa,20,GACTTCGGCTAAACCATCAA,52,53,54
q_CEN2_All_K6.aln2_Cluster3.fa,20,GTATGATTGAGTATAAGAAA,136,137,138
q_CEN2_All_K6.aln2_Cluster3.fa,20,ATCTTTGTTAGAAGATACAA,16,17,8
q_CEN2_All_K6.aln2_Cluster3.fa,20,AAGCATAAGTATTGTATCAT,1,2
q_CEN2_All_K6.aln2_Cluster3.fa,20,ATAAGTATTGTATCATTGTT,5,6
q_CEN2_All_K6.aln2_Cluster3.fa,20,AAACCATCAAAGCTTTTAGA,64,62,63
q_CEN2_All_K6.aln2_Cluster3.fa,20,GTTTTGGATTCGAATATGAC,104,105,106,100
q_CEN2_All_K6.aln2_Cluster3.fa,20,GTGAGTATAAAAACTAGAAC,140,141,142,143,144,145
q_CEN2_All_K6.aln2_Cluster3.fa,20,TAAACCATCAAAGCTTTGAG,64,61,62,63
q_CEN2_All_K6.aln2_Cluster3.fa,20,GATGTGTATGATTGAGTATA,129,130,131,132,133
q_CEN2_All_K6.aln2_Cluster3.fa,20,CCTAAGTATTGTATCCTTGT,3,4,5
q_CEN2_All_K6.aln2_Cluster3.fa,20,ATACAAAGATAAAGACTCAT,29,30,31
q_CEN2_All_K6.aln2_Cluster3.fa,20,ATGATTGAGTATAAGAAATT,138,139,140,135
q_CEN2_All_K6.aln2_Cluster3.fa,20,TGAATCTTTGTTAGAAGATA,13,14
q_CEN2_All_K6.aln2_Cluster3.fa,20,ATATTGTATCCTTGTTAGAA,8,9,10
q_CEN2_All_K6.aln2_Cluster3.fa,20,TGATGTCATGTGTATGAGTG,128,123,125,126,127
q_CEN2_All_K6.aln2_Cluster3.fa,20,CACTCATACGGACTTTGGCT,42,43,44
q_CEN2_All_K6.aln2_Cluster3.fa,20,AAATATTGTATCCTTGTTAG,8,6,7
q_CEN2_All_K6.aln2_Cluster3.fa,20,ACTTAAACCGCAACCTTATC,153,154,155,156,157
q_CEN2_All_K6.aln2_Cluster3.fa,20,TACACTATCAAAGCTTTGAG,57,61,62,63
q_CEN2_All_K6.aln2_Cluster3.fa,20,AAGCTTTTAGAAGCAAGAAG,72,73,70,71
q_CEN2_All_K6.aln2_Cluster3.fa,20,ACTCATACGGACTTCGACTA,35,36,39,43,44,45,46
q_CEN2_All_K6.aln2_Cluster3.fa,20,TAAGAACTTAAACCGCAATC,143,149,150,151
q_CEN2_All_K6.aln2_Cluster3.fa,20,AAACCTAAGTATTGAATCTT,1,2
q_CEN2_All_K6.aln2_Cluster3.fa,20,ATCCTTGTTAGAAGATACAA,16,17,9
q_CEN2_All_K6.aln2_Cluster3.fa,20,GACTTGATGTGATGTGTATG,116,118,119,120,121,122,123,124
q_CEN2_All_K6.aln2_Cluster3.fa,20,AGATACAAAGACAAACACTC,28,29
q_CEN2_All_K6.aln2_Cluster3.fa,20,ACTTCGGCTAAACCATCAAA,53,54,55
q_CEN2_All_K6.aln2_Cluster3.fa,20,GTATCCTTGTTAGAAGATAC,7,13,14,15
q_CEN2_All_K6.aln2_Cluster3.fa,20,TATGACTTGATGTGATGTGT,113,115,116,117,118,119,120,121
q_CEN2_All_K6.aln2_Cluster3.fa,20,CTAAGTATTGTATCCTTGTT,5,6
q_CEN2_All_K6.aln2_Cluster3.fa,20,ACACTCATACGGACTTTGGC,41,42,43
q_CEN2_All_K6.aln2_Cluster3.fa,20,AGACAAAGACTCATACGGAC,28,35,36,37,38
q_CEN2_All_K6.aln2_Cluster3.fa,20,CTATCAAAGCTTTGAGAAGC,65,66,67,61
q_CEN2_All_K6.aln2_Cluster3.fa,20,ATATGGACTTCGGCTAAACC,48,49,47
q_CEN2_All_K6.aln2_Cluster3.fa,20,CATAAGTATTGTATCATTGT,4,5
q_CEN2_All_K6.aln2_Cluster3.fa,20,CAAACACTCATACGGACTTT,40,38,39
q_CEN2_All_K6.aln2_Cluster3.fa,20,AATATTGTATCCTTGTTAGA,8,9,7
q_CEN2_All_K6.aln2_Cluster3.fa,20,GTTAGTGTTTTGGAGTGAAA,98,99,100
q_CEN2_All_K6.aln2_Cluster3.fa,20,AAGAAATTAAACCGCAACCG,152,147,150,151
q_CEN2_All_K6.aln2_Cluster3.fa,20,AAGTATTGTATCCTTGTTAG,8,7
q_CEN2_All_K6.aln2_Cluster3.fa,20,ATAAAAACTAGAACCGCAAC,146,148,149,150,151
q_CEN2_All_K6.aln2_Cluster3.fa,20,AGTATAAAAACTAGAACCGC,143,144,145,146,147,148
q_CEN2_All_K6.aln2_Cluster3.fa,20,AAAGACAAAGACTCATATGG,32,33,34,35,25
q_CEN2_All_K6.aln2_Cluster3.fa,20,AAAGCATAAGTATTGTATCA,0,1
q_CEN2_All_K6.aln2_Cluster3.fa,20,AAAAACCTAAGTATTGAATC,0
q_CEN2_All_K6.aln2_Cluster3.fa,20,TACGGACTTCGACTACACCA,40,41,48,49,50,51
q_CEN2_All_K6.aln2_Cluster3.fa,20,ATTCGGCTAAACCATCAAAG,56,54,55
q_CEN2_All_K6.aln2_Cluster3.fa,20,AGAAGATACAAAGACAAACA,25,26
q_CEN2_All_K6.aln2_Cluster3.fa,20,CTTGATGTGATGTGTATGAT,118,120,121,122,123,124,125,126
q_CEN2_All_K6.aln2_Cluster3.fa,20,GAAGATACAAAGATAAAGAC,25,26,27
q_CEN2_All_K6.aln2_Cluster3.fa,20,TAAGTATTGAATCTTTGTTA,6,7
q_CEN2_All_K6.aln2_Cluster3.fa,20,CATTGTTAGAAGATACAATG,18,19
q_CEN2_All_K6.aln2_Cluster3.fa,20,TTAGAAGATACAATGACGAA,24,23
q_CEN2_All_K6.aln2_Cluster3.fa,20,TGATGTGTATGATTGAGTAT,128,129,130,131,132
q_CEN2_All_K6.aln2_Cluster3.fa,20,AAGACTCATACGGACTTCGA,32,33,36,40,41,42,43
q_CEN2_All_K6.aln2_Cluster3.fa,20,TTAGAAGATACAAAGACAAA,15,21,22,23,24,25
q_CEN2_All_K6.aln2_Cluster3.fa,20,AGTATTGTATCATTGTTAGA,8,9
q_CEN2_All_K6.aln2_Cluster3.fa,20,AGTATTGTATCCTTGTTAGA,8,9
q_CEN2_All_K6.aln2_Cluster3.fa,20,GCTTTTAGAAGCAAGAAGAA,72,73,74,75
q_CEN2_All_K6.aln2_Cluster3.fa,20,CGGACTTCGACTACACTATC,50,51,52,46
q_CEN2_All_K6.aln2_Cluster3.fa,20,TGGTTAGTGTTTTGGAGTGA,96,97,98,95
q_CEN2_All_K6.aln2_Cluster3.fa,20,CTTGTTAGAAGATACAAAGA,17,18,19,20
q_CEN2_All_K6.aln2_Cluster3.fa,20,CTCATATGGACTTCGGCTAA,44,45,46
q_CEN2_All_K6.aln2_Cluster3.fa,20,TGAGTGAGTATAAAAACTAG,137,138,139,140,141,142
q_CEN2_All_K6.aln2_Cluster3.fa,20,TGTATGAGTGAGTATAAAAA,133,134,135,136,137,138
q_CEN2_All_K6.aln2_Cluster3.fa,20,TGATGTGATGTGTATGATTG,128,123,124,125,126,127
q_CEN2_All_K6.aln2_Cluster3.fa,20,CATATGGACTTCGGCTAAAC,48,46,47
q_CEN2_All_K6.aln2_Cluster3.fa,20,ATGGACTTCGGCTAAACCAT,49,50,51
q_CEN2_All_K6.aln2_Cluster3.fa,20,TCGGCTAAACCATCAAAGCT,56,57,58,59
q_CEN2_All_K6.aln2_Cluster3.fa,20,ATAAGAAATTAAACCGCAAC,145,148,149,150
q_CEN2_All_K6.aln2_Cluster3.fa,20,ATTCGAATATGACTTGATGT,112,113,107,111
q_CEN2_All_K6.aln2_Cluster3.fa,20,TCGACTACACCATCAAAGCT,48,49,52,56,57,58,59
q_CEN2_All_K6.aln2_Cluster3.fa,20,GGACTTCGACTACACTATCA,51,52,53,47
q_CEN2_All_K6.aln2_Cluster3.fa,20,CTAAATATTGTATCCTTGTT,4,5,6
q_CEN2_All_K6.aln2_Cluster3.fa,20,TATTGTATCATTGTTAGAAG,10,11
q_CEN2_All_K6.aln2_Cluster3.fa,20,ACTTGATGTGATGTGTATGA,117,119,120,121,122,123,124,125
q_CEN2_All_K6.aln2_Cluster3.fa,20,CAAAGACAAAGACTCATATG,32,33,34,24,31
q_CEN2_All_K6.aln2_Cluster3.fa,20,GTATTGAATCTTTGTTAGAA,9,10
q_CEN2_All_K6.aln2_Cluster3.fa,20,CCTAAGTATTGAATCTTTGT,4,5
q_CEN2_All_K6.aln2_Cluster3.fa,20,CAAAGACAAAGACTCATACG,32,33,34,35,25
q_CEN2_All_K6.aln2_Cluster3.fa,20,ACTCATATGGACTTCGGCTA,43,44,45,46
q_CEN2_All_K6.aln2_Cluster3.fa,20,TAGAAGATACAAAGACAAAG,15,16,22,23,24,25,26
q_CEN2_All_K6.aln2_Cluster3.fa,20,TATTGAATCTTTGTTAGAAG,10,11
q_CEN2_All_K6.aln2_Cluster3.fa,20,TAGAAGATACAAAGACAAAC,24,25
q_CEN2_All_K6.aln2_Cluster3.fa,20,TGGACTTCGGCTAAACCATC,50,51,52
q_CEN2_All_K6.aln2_Cluster3.fa,20,AGACTCATACGGACTTCGAC,33,34,37,41,42,43,44
q_CEN2_All_K6.aln2_Cluster3.fa,20,GTTAGAAGATACAATGACGA,22,23
q_CEN2_All_K6.aln2_Cluster3.fa,20,ACGGACTTCGACTACACTAT,49,50,51,45
q_CEN2_All_K6.aln2_Cluster3.fa,20,CGGCTAAACCATCAAAGCTT,57,58,59,60
q_CEN2_All_K6.aln2_Cluster3.fa,20,AGCATAAGTATTGTATCATT,2,3
q_CEN2_All_K6.aln2_Cluster3.fa,20,ACCTAAGTATTGAATCTTTG,3,4
q_CEN2_All_K6.aln2_Cluster3.fa,20,GACTCATACGGACTTCGACT,34,35,38,42,43,44,45
q_CEN2_All_K6.aln2_Cluster3.fa,20,TACAATGACGAAGACTCATA,32,31
q_CEN2_All_K6.aln2_Cluster3.fa,20,TGTATCATTGTTAGAAGATA,13,14
q_CEN2_All_K6.aln2_Cluster3.fa,20,GTATGAGTGAGTATAAAAAC,134,135,136,137,138,139
q_CEN2_All_K6.aln2_Cluster3.fa,20,GACTCATATGGACTTCGGCT,42,43,44,45
q_CEN2_All_K6.aln2_Cluster3.fa,20,GATACAAAGACAAACACTCA,29,30
q_CEN2_All_K6.aln2_Cluster3.fa,20,ACTATCAAAGCTTTGAGAAG,64,65,66,60
q_CEN2_All_K6.aln2_Cluster3.fa,20,CCTTGTTAGAAGATACATAG,17,18,19
q_CEN2_All_K6.aln2_Cluster3.fa,20,TAAGAAATTAAACCGCAACC,146,149,150,151
q_CEN2_All_K6.aln2_Cluster3.fa,20,CTTTGTTAGAAGATACAAAG,18,19,10
q_CEN2_All_K6.aln2_Cluster3.fa,20,GACAAACACTCATACGGACT,36,37,38
q_CEN2_All_K6.aln2_Cluster3.fa,20,GATTGAGTATAAGAAATTAA,137,140,141,142
q_CEN2_All_K6.aln2_Cluster3.fa,20,AACCTAAGTATTGAATCTTT,2,3
q_CEN2_All_K6.aln2_Cluster3.fa,20,AAAAGCATAAGTATTGTATC,0
q_CEN2_All_K6.aln2_Cluster3.fa,20,TCGACTACACTATCAAAGCT,56,57,58,52
q_CEN2_All_K6.aln2_Cluster3.fa,20,TTAGTGTTTTGGAGTGAAAT,99,100,101
q_CEN2_All_K6.aln2_Cluster3.fa,20,CCTAAATATTGTATCCTTGT,3,4,5
q_CEN2_All_K6.aln2_Cluster3.fa,20,CTAAACCATCAAAGCTTTTA,60,61,62
q_CEN2_All_K6.aln2_Cluster3.fa,20,TTCGAATATGACTTGATGTC,112,113,114,108
q_CEN2_All_K6.aln2_Cluster3.fa,20,ATAAGAACTTAAACCGCAAT,148,149,150,142
q_CEN2_All_K6.aln2_Cluster3.fa,20,GTCGAATATGACTTGATGTG,107,109,110,111,112,113,114,115
q_CEN2_All_K6.aln2_Cluster3.fa,20,ATGACTTGATGTGATGTGTA,114,116,117,118,119,120,121,122
q_CEN2_All_K6.aln2_Cluster3.fa,20,CTTTTAGAAGCAAGAAGAAG,73,74,75,76
q_CEN2_All_K6.aln2_Cluster3.fa,20,ATACAAAGACAAAGACTCAT,32,21,22,28,29,30,31
q_CEN2_All_K6.aln2_Cluster3.fa,20,AATATGACTTGATGTGATGT,111,113,114,115,116,117,118,119
q_CEN2_All_K6.aln2_Cluster3.fa,20,GCCTAAATATTGTATCCTTG,2,3,4
q_CEN2_All_K6.aln2_Cluster3.fa,20,TTGGTTAGTGTTTTGGATTC,96,97,91,95
q_CEN2_All_K6.aln2_Cluster3.fa,20,AAAGCTTTTAGAAGCAAGAA,72,69,70,71
q_CEN2_All_K6.aln2_Cluster3.fa,20,TTGTTAGAAGATACATAGAC,19,20,21
q_CEN2_All_K6.aln2_Cluster3.fa,20,AAAGACTCATATGGACTTCG,40,41,31,37,39
q_CEN2_All_K6.aln2_Cluster3.fa,20,TTAAACCGCAACCTTATCCT,155,156,157,158,159
q_CEN2_All_K6.aln2_Cluster3.fa,20,TCATTGTTAGAAGATACAAT,17,18
q_CEN2_All_K6.aln2_Cluster3.fa,20,GTATAAGAAATTAAACCGCA,146,147,148,143
q_CEN2_All_K6.aln2_Cluster3.fa,20,AAGTATTGAATCTTTGTTAG,8,7
q_CEN2_All_K6.aln2_Cluster3.fa,20,TTTTAGAAGCAAGAAGAAGC,74,75,76,77
q_CEN2_All_K6.aln2_Cluster3.fa,20,AACCATCAAAGCTTTTAGAA,64,65,63
q_CEN2_All_K6.aln2_Cluster3.fa,20,GATACAAAGACAAAGACTCA,20,21,27,28,29,30,31
q_CEN2_All_K6.aln2_Cluster3.fa,20,TTGTTAGAAGATACAAAGAT,20,21
q_CEN2_All_K6.aln2_Cluster3.fa,20,TTGGATTCGAATATGACTTG,107,108,109,103
q_CEN2_All_K6.aln2_Cluster3.fa,20,TTGAGTATAAGAAATTAAAC,144,139,142,143
q_CEN2_All_K6.aln2_Cluster3.fa,20,GGACTTCGACTACACCATCA,43,44,51,52,53,54
q_CEN2_All_K6.aln2_Cluster3.fa,20,TATTGTATCCTTGTTAGAAG,9,10,11
q_CEN2_All_K6.aln2_Cluster3.fa,20,AGAAGATACAAAGATAAAGA,24,25,26
q_CEN2_All_K6.aln2_Cluster3.fa,20,ACAAACACTCATACGGACTT,37,38,39
q_CEN2_All_K6.aln2_Cluster3.fa,20,GGACTTCGGCTAAACCATCA,51,52,53
q_CEN2_All_K6.aln2_Cluster3.fa,20,GAGTATAAAAACTAGAACCG,142,143,144,145,146,147
q_CEN2_All_K6.aln2_Cluster3.fa,20,AAGATACAAAGACAAAGACT,18,19,25,26,27,28,29
q_CEN2_All_K6.aln2_Cluster3.fa,20,CGAATATGACTTGATGTGAT,109,111,112,113,114,115,116,117
q_CEN2_All_K6.aln2_Cluster3.fa,20,GCTAAACCATCAAAGCTTTT,59,60,61
q_CEN2_All_K6.aln2_Cluster3.fa,20,AGACTCATATGGACTTCGGC,41,42,43,44
q_CEN2_All_K6.aln2_Cluster3.fa,20,GGTTAGTGTTTTGGAGTGAA,96,97,98,99
q_CEN2_All_K6.aln2_Cluster3.fa,20,TTTTGGATTCGAATATGACT,105,106,107,101
q_CEN2_All_K6.aln2_Cluster3.fa,20,AAAGCCTAAGTATTGTATCC,0,1
q_CEN2_All_K6.aln2_Cluster3.fa,20,TTGAATCTTTGTTAGAAGAT,12,13
q_CEN2_All_K6.aln2_Cluster3.fa,20,TTGGCTAAACCATCAAAGCT,56,57,58,59,55
q_CEN2_All_K6.aln2_Cluster3.fa,20,TACAAAGATAAAGACTCATA,32,30,31
q_CEN2_All_K6.aln2_Cluster3.fa,20,ACTCATACGGACTTTGGCTA,43,44,45
q_CEN2_All_K6.aln2_Cluster3.fa,20,GTGATGTGTATGATTGAGTA,128,129,130,131,127
q_CEN2_All_K6.aln2_Cluster3.fa,20,AAACTAGAACCGCAACGGAT,150,151,152,153,154,155
q_CEN2_All_K6.aln2_Cluster3.fa,20,TCATACGGACTTCGACTACA,37,38,41,45,46,47,48
q_CEN2_All_K6.aln2_Cluster3.fa,20,TATCATTGTTAGAAGATACA,16,15
q_CEN2_All_K6.aln2_Cluster3.fa,20,GCTAAACCATCAAAGCTTTG,59,60,61,62
q_CEN2_All_K6.aln2_Cluster3.fa,20,ATTGTTAGAAGATACAATGA,19,20
q_CEN2_All_K6.aln2_Cluster3.fa,20,CGACTACACCATCAAAGCTT,49,50,53,57,58,59,60
q_CEN2_All_K6.aln2_Cluster3.fa,20,ACGGACTTCGACTACACCAT,41,42,49,50,51,52
q_CEN2_All_K6.aln2_Cluster3.fa,20,AACCATCAAAGCTTTGAGAA,64,65,66,60,61,62,63
q_CEN2_All_K6.aln2_Cluster3.fa,20,CTTCGACTACACTATCAAAG,56,50,54,55
q_CEN2_All_K6.aln2_Cluster3.fa,20,TGTATCCTTGTTAGAAGATA,6,12,13,14
q_CEN2_All_K6.aln2_Cluster3.fa,20,TCTTTGTTAGAAGATACAAA,17,18,9
q_CEN2_All_K6.aln2_Cluster3.fa,20,AAAGACAAACACTCATACGG,33,34,35
q_CEN2_All_K6.aln2_Cluster3.fa,20,GTATCATTGTTAGAAGATAC,14,15
q_CEN2_All_K6.aln2_Cluster3.fa,20,ATTGTATCATTGTTAGAAGA,11,12
q_CEN2_All_K6.aln2_Cluster3.fa,20,GAAGATACAAAGACAAACAC,26,27
q_CEN2_All_K6.aln2_Cluster3.fa,20,TAGAAGATACAAAGATAAAG,24,25,23
q_CEN2_All_K6.aln2_Cluster3.fa,20,TTGGTTAGTGTTTTGGAGTG,96,97,98,94,95
q_CEN2_All_K6.aln2_Cluster3.fa,20,TATCAAAGCTTTGAGAAGCA,66,67,68,62
q_CEN2_All_K6.aln2_Cluster3.fa,20,GAAGATACAATGACGAAGAC,26,27
q_CEN2_All_K6.aln2_Cluster3.fa,20,CGGACTTCGACTACACCATC,42,43,50,51,52,53
q_CEN2_All_K6.aln2_Cluster3.fa,20,ACTTCGACTACACTATCAAA,49,53,54,55
q_CEN2_All_K6.aln2_Cluster3.fa,20,AAGACTCATATGGACTTCGG,40,41,42,43
q_CEN2_All_K6.aln2_Cluster3.fa,20,ATCATTGTTAGAAGATACAA,16,17
q_CEN2_All_K6.aln2_Cluster3.fa,20,AAAAACTAGAACCGCAACGG,152,153,148,150,151
q_CEN2_All_K6.aln2_Cluster3.fa,20,ACAAAGACTCATACGGACTT,33,37,38,39,40,30
q_CEN2_All_K6.aln2_Cluster3.fa,20,TTTGTTAGAAGATACAAAGA,11,19,20
q_CEN2_All_K6.aln2_Cluster3.fa,20,TGAGTATAAGAAATTAAACC,144,145,140,143
q_CEN2_All_K6.aln2_Cluster3.fa,20,ACCATCAAAGCTTTTAGAAG,64,65,66
q_CEN2_All_K6.aln2_Cluster3.fa,20,TCATATGGACTTCGGCTAAA,45,46,47
q_CEN2_All_K6.aln2_Cluster3.fa,20,TATAAAAACTAGAACCGCAA,145,147,148,149,150
q_CEN2_All_K6.aln2_Cluster3.fa,20,AATTCGGCTAAACCATCAAA,53,54,55
q_CEN2_All_K6.aln2_Cluster3.fa,20,AGACAAAGACTCATATGGAC,27,34,35,36,37
q_CEN2_All_K6.aln2_Cluster3.fa,20,AGCCTAAGTATTGTATCCTT,1,2,3
q_CEN2_All_K6.aln2_Cluster3.fa,20,TGTTAGAAGATACAAAGATA,20,21,22
q_CEN2_All_K6.aln2_Cluster3.fa,20,TTGTTAGAAGATACAAAGAC,12,18,19,20,21
q_CEN2_All_K6.aln2_Cluster3.fa,20,TGTGATGTGTATGATTGAGT,128,129,130,126,127
q_CEN2_All_K6.aln2_Cluster3.fa,20,ATGAGTGAGTATAAAAACTA,136,137,138,139,140,141
q_CEN2_All_K6.aln2_Cluster3.fa,20,AGTGAGTATAAAAACTAGAA,139,140,141,142,143,144
q_CEN2_All_K6.aln2_Cluster3.fa,20,GTATTGTATCATTGTTAGAA,9,10
q_CEN2_All_K6.aln2_Cluster3.fa,20,GCTTGGTTAGTGTTTTGGAT,89,93,94,95
q_CEN2_All_K6.aln2_Cluster3.fa,20,ATCAAAGCTTTTAGAAGCAA,67,68,69
q_CEN2_All_K6.aln2_Cluster3.fa,20,CTTCGGCTAAACCATCAAAG,56,54,55
q_CEN2_All_K6.aln2_Cluster3.fa,20,AAGATACAAAGATAAAGACT,26,27,28
q_CEN2_All_K6.aln2_Cluster3.fa,20,AAAAGCCTAAATATTGTATC,0
q_CEN2_All_K6.aln2_Cluster3.fa,20,ATACAATGACGAAGACTCAT,30,31
q_CEN2_All_K6.aln2_Cluster3.fa,20,TAAACCATCAAAGCTTTTAG,61,62,63
q_CEN2_All_K6.aln2_Cluster3.fa,20,GGCTAAACCATCAAAGCTTT,58,59,60,61
q_CEN2_All_K6.aln2_Cluster3.fa,20,CATACGGACTTCGACTACAC,38,39,42,46,47,48,49
q_CEN2_All_K6.aln2_Cluster3.fa,20,AAAGACAAAGACTCATACGG,33,34,35,36,26
q_CEN2_All_K6.aln2_Cluster3.fa,20,AGCCTAAATATTGTATCCTT,1,2,3
q_CEN2_All_K6.aln2_Cluster3.fa,20,CATCAAAGCTTTTAGAAGCA,66,67,68
q_CEN2_All_K6.aln2_Cluster3.fa,20,GACTTCGACTACACTATCAA,48,52,53,54
q_CEN2_All_K6.aln2_Cluster3.fa,20,AGATACAAAGATAAAGACTC,27,28,29
q_CEN2_All_K6.aln2_Cluster3.fa,20,GCATAAGTATTGTATCATTG,3,4
q_CEN2_All_K6.aln2_Cluster3.fa,20,GATACAAAGATAAAGACTCA,28,29,30
q_CEN2_All_K6.aln2_Cluster3.fa,20,AACTAGAACCGCAACGGATC,151,152,153,154,155,156
q_CEN2_All_K6.aln2_Cluster3.fa,20,ATCCTTGTTAGAAGATACAT,16,17,15
q_CEN2_All_K6.aln2_Cluster3.fa,20,GACTTCGACTACACCATCAA,44,45,52,53,54,55
q_CEN2_All_K6.aln2_Cluster3.fa,20,TAGAAGATACATAGACAAAG,24,25,23
q_CEN2_All_K6.aln2_Cluster3.fa,20,AGATACAAAGACAAAGACTC,19,20,26,27,28,29,30
q_CEN2_All_K6.aln2_Cluster3.fa,20,CTTGGTTAGTGTTTTGGATT,96,90,94,95
q_CEN2_All_K6.aln2_Cluster3.fa,20,TCGAATATGACTTGATGTGA,108,110,111,112,113,114,115,116
q_CEN2_All_K6.aln2_Cluster3.fa,20,CAAAGACAAACACTCATACG,32,33,34
q_CEN2_All_K6.aln2_Cluster3.fa,20,TGACTTGATGTGATGTGTAT,115,117,118,119,120,121,122,123
q_CEN2_All_K6.aln2_Cluster3.fa,20,TAGAAGATACAATGACGAAG,24,25
q_CEN2_All_K6.aln2_Cluster3.fa,20,TCAAAGCTTTTAGAAGCAAG,68,69,70
q_CEN2_All_K6.aln2_Cluster3.fa,20,AGATACAATGACGAAGACTC,28,29
q_CEN2_All_K6.aln2_Cluster3.fa,20,CTAAGTATTGAATCTTTGTT,5,6
q_CEN2_All_K6.aln2_Cluster3.fa,20,TTAAACCGCAACCGGATCTT,147,153,155,156,157,158,159
q_CEN2_All_K6.aln2_Cluster3.fa,20,AGTATAAGAAATTAAACCGC,145,146,147,142
q_CEN2_All_K6.aln2_Cluster3.fa,20,AACTTAAACCGCAACCTTAT,152,153,154,155,156
q_CEN2_All_K6.aln2_Cluster3.fa,20,CTAGAACCGCAACGGATCTT,151,153,154,155,156,157,158
q_CEN2_All_K6.aln2_Cluster3.fa,20,CTAAACCATCAAAGCTTTGA,60,61,62,63
q_CEN2_All_K6.aln2_Cluster3.fa,20,TACAAAGACAAAGACTCATA,32,33,22,23,29,30,31
q_CEN2_All_K6.aln2_Cluster3.fa,20,CTACACTATCAAAGCTTTGA,56,60,61,62
q_CEN2_All_K6.aln2_Cluster3.fa,20,GTATAAAAACTAGAACCGCA,144,146,147,148,149
q_CEN2_All_K6.aln2_Cluster3.fa,20,TTCGGCTAAACCATCAAAGC,56,57,58,55
q_CEN2_All_K6.aln2_Cluster3.fa,20,CTTAAACCGCAACCTTATCC,154,155,156,157,158
q_CEN2_All_K6.aln2_Cluster3.fa,20,TAGAAGCAAGAAGAAGCTTG,80,75,77,78,79
q_CEN2_All_K6.aln2_Cluster3.fa,20,AGCTTTTAGAAGCAAGAAGA,72,73,74,71
q_CEN2_All_K6.aln2_Cluster3.fa,20,GAAGATACAAAGACAAAGAC,17,18,24,25,26,27,28
q_CEN2_All_K6.aln2_Cluster3.fa,20,TAAGTATTGTATCCTTGTTA,6,7
q_CEN2_All_K6.aln2_Cluster3.fa,20,TTAGAAGCAAGAAGAAGCTT,74,76,77,78,79
q_CEN2_All_K6.aln2_Cluster3.fa,20,GGATTCGAATATGACTTGAT,105,109,110,111
q_CEN2_All_K6.aln2_Cluster3.fa,20,TGTTAGAAGATACAAAGACA,19,20,21,22,13
q_CEN2_All_K6.aln2_Cluster3.fa,20,GAATATGACTTGATGTGATG,110,112,113,114,115,116,117,118
q_CEN2_All_K6.aln2_Cluster3.fa,20,TTGTATCATTGTTAGAAGAT,12,13
q_CEN2_All_K6.aln2_Cluster3.fa,20,AAGATACAAAGACAAACACT,27,28
q_CEN2_All_K6.aln2_Cluster3.fa,20,TCCTTGTTAGAAGATACATA,16,17,18
q_CEN2_All_K6.aln2_Cluster3.fa,20,TTGATGTGATGTGTATGATT,119,121,122,123,124,125,126,127
q_CEN2_All_K6.aln2_Cluster3.fa,20,GACAAAGACTCATACGGACT,29,36,37,38,39
q_CEN2_All_K6.aln2_Cluster3.fa,20,CTTTGAGAAGCAAGAAGCAG,74,75,76,77
q_CEN2_All_K6.aln2_Cluster3.fa,20,ACTTCGACTACACCATCAAA,45,46,49,53,54,55,56
q_CEN2_All_K6.aln2_Cluster3.fa,20,TTGATGTCATGTGTATGAGT,122,124,125,126,127
q_CEN2_All_K6.aln2_Cluster3.fa,20,TAAGTATTGTATCATTGTTA,6,7
q_CEN2_All_K6.aln2_Cluster3.fa,20,TAAATATTGTATCCTTGTTA,5,6,7
q_CEN2_All_K6.aln2_Cluster3.fa,20,TATGATTGAGTATAAGAAAT,137,138,139,134
q_CEN2_All_K6.aln2_Cluster3.fa,20,TTGTTAGAAGATACAATGAC,20,21
q_CEN2_All_K6.aln2_Cluster3.fa,20,TAAAAACTAGAACCGCAACG,152,147,149,150,151
q_CEN2_All_K6.aln2_Cluster3.fa,20,ATACGGACTTTGGCTACACC,48,49,45,47
q_CEN2_All_K6.aln2_Cluster4.fa,20,AGAACTTAAACCGCAACCGA,141,143,144,145,146,147,148,149,150,151,152,153
q_CEN2_All_K6.aln2_Cluster4.fa,20,AAGTAGTGTATCCTTGTTAG,8,2,6,7
q_CEN2_All_K6.aln2_Cluster4.fa,20,GTGTATCCTTGTTAGAAGAC,11,12,13,7
q_CEN2_All_K6.aln2_Cluster4.fa,20,TAAGTAGTGTATCCTTGTTA,1,5,6,7
q_CEN2_All_K6.aln2_Cluster4.fa,20,GTGTTTCCTTGTTAGAAGAC,11,12,13,7
q_CEN2_All_K6.aln2_Cluster4.fa,20,TAGTGTATCCTTGTTAGAAG,9,10,11,5
q_CEN2_All_K6.aln2_Cluster4.fa,20,GAACTTAAACCGCAACCGAT,142,144,145,146,147,148,149,150,151,152,153,154
q_CEN2_All_K6.aln2_Cluster4.fa,20,CTTAAACCGCAACCGATCTT,145,147,148,149,150,151,152,153,154,155,156,157
q_CEN2_All_K6.aln2_Cluster4.fa,20,AGTAGTGTATCCTTGTTAGA,8,9,3,7
q_CEN2_All_K6.aln2_Cluster4.fa,20,ACTTAAACCGCAACCGATCT,144,146,147,148,149,150,151,152,153,154,155,156
q_CEN2_All_K6.aln2_Cluster4.fa,20,CTAAGTAGTGTATCCTTGTT,0,4,5,6
q_CEN2_All_K6.aln2_Cluster4.fa,20,AACTTAAACCGCAACCGATC,143,145,146,147,148,149,150,151,152,153,154,155
q_CEN2_All_K6.aln2_Cluster4.fa,20,GTAGTGTATCCTTGTTAGAA,8,9,10,4
q_CEN2_All_K6.aln2_Cluster4.fa,20,AGTGTATCCTTGTTAGAAGA,10,11,12,6
q_CEN2_All_K6.aln2_Cluster5.fa,20,CAAGAAGAATCTGGGTTAGC,78,79,81,82,83,84
q_CEN2_All_K6.aln2_Cluster5.fa,20,GAGTAGATGTCATGTGTATG,120,121,115,118,119
q_CEN2_All_K6.aln2_Cluster5.fa,20,TTTATCTTTCCCTGTTAGAA,8,9,6
q_CEN2_All_K6.aln2_Cluster5.fa,20,ACGGACTTAGGCTACACCAT,43,44,46,47,48,49
q_CEN2_All_K6.aln2_Cluster5.fa,20,AATATGAGTAGATGTCATGT,113,114,115,116,110
q_CEN2_All_K6.aln2_Cluster5.fa,20,AAATATGAGTAGATGTCATG,112,113,114,115,109
q_CEN2_All_K6.aln2_Cluster5.fa,20,AGGCTACACCATCAAAGCTT,51,52,54,55,56,57
q_CEN2_All_K6.aln2_Cluster5.fa,20,TATGATTGAATATAAAACTA,131,132,134,135,136,137
q_CEN2_All_K6.aln2_Cluster5.fa,20,GAGCAAGAAGAATCTGGGTT,75,76,78,79,80,81
q_CEN2_All_K6.aln2_Cluster5.fa,20,ACACCATCAAAGCTTTGAAG,57,59,60,61,62
q_CEN2_All_K6.aln2_Cluster5.fa,20,GGAGTGAAATATGAGTAGAT,103,104,106,107,108,109
q_CEN2_All_K6.aln2_Cluster5.fa,20,ATTGAATATAAAACTAGAAC,135,136,138,139,140,141
q_CEN2_All_K6.aln2_Cluster5.fa,20,ATCTGGGTTAGCATTTCGGA,89,90,91,92,87
q_CEN2_All_K6.aln2_Cluster5.fa,20,AAACCAAAAATCATACGGAC,32,33,34,35,30
q_CEN2_All_K6.aln2_Cluster5.fa,20,TGAATATAAAACTAGAACCT,138,140,141,142,143
q_CEN2_All_K6.aln2_Cluster5.fa,20,CATTTCGGAGTGAAATATGA,98,100,101,102,103
q_CEN2_All_K6.aln2_Cluster5.fa,20,AAACTAGAACCTCAACGAGA,146,148,149,150,151,152
q_CEN2_All_K6.aln2_Cluster5.fa,20,TAGCATTTCGGAGTGAAATA,97,98,99,100,95
q_CEN2_All_K6.aln2_Cluster5.fa,20,GAAGAGCAAGAAGAATCTGG,73,75,76,77,78
q_CEN2_All_K6.aln2_Cluster5.fa,20,AGATCCAAAACCAAAAATCA,25,26,27,28,23
q_CEN2_All_K6.aln2_Cluster5.fa,20,TGAGTAGATGTCATGTGTAT,120,114,117,118,119
q_CEN2_All_K6.aln2_Cluster5.fa,20,TCCAAAACCAAAAATCATAC,26,28,29,30,31
q_CEN2_All_K6.aln2_Cluster5.fa,20,CTTAGGCTACACCATCAAAG,48,49,51,52,53,54
q_CEN2_All_K6.aln2_Cluster5.fa,20,TTCCCTGTTAGAAGATCCAA,16,11,13,14,15
q_CEN2_All_K6.aln2_Cluster5.fa,20,ATAAAACTAGAACCTCAACG,143,145,146,147,148,149
q_CEN2_All_K6.aln2_Cluster5.fa,20,TATAAAACTAGAACCTCAAC,142,144,145,146,147,148
q_CEN2_All_K6.aln2_Cluster5.fa,20,AGAGCAAGAAGAATCTGGGT,80,75,77,78,79
q_CEN2_All_K6.aln2_Cluster5.fa,20,AATTTATCTTTCCCTGTTAG,4,6,7
q_CEN2_All_K6.aln2_Cluster5.fa,20,TGTTAGAAGATCCAAAACCA,16,18,19,20,21
q_CEN2_All_K6.aln2_Cluster5.fa,20,AAAAATCATACGGACTTAGG,40,35,37,38,39
q_CEN2_All_K6.aln2_Cluster5.fa,20,GCAAGAAGAATCTGGGTTAG,77,78,80,81,82,83
q_CEN2_All_K6.aln2_Cluster5.fa,20,CCTGTTAGAAGATCCAAAAC,16,17,18,19,14
q_CEN2_All_K6.aln2_Cluster5.fa,20,TTTCCCTGTTAGAAGATCCA,10,12,13,14,15
q_CEN2_All_K6.aln2_Cluster5.fa,20,ACTTAGGCTACACCATCAAA,47,48,50,51,52,53
q_CEN2_All_K6.aln2_Cluster5.fa,20,TACACCATCAAAGCTTTGAA,56,58,59,60,61
q_CEN2_All_K6.aln2_Cluster5.fa,20,TCTGGGTTAGCATTTCGGAG,88,90,91,92,93
q_CEN2_All_K6.aln2_Cluster5.fa,20,TCAAAGCTTTGAAGAGCAAG,65,66,67,68,63
q_CEN2_All_K6.aln2_Cluster5.fa,20,TCCCTGTTAGAAGATCCAAA,16,17,12,14,15
q_CEN2_All_K6.aln2_Cluster5.fa,20,TGTCATGTGTATGATTGAAT,128,122,125,126,127
q_CEN2_All_K6.aln2_Cluster5.fa,20,GTATGATTGAATATAAAACT,130,131,133,134,135,136
q_CEN2_All_K6.aln2_Cluster5.fa,20,CTAAATTTATCTTTCCCTGT,1,3,4
q_CEN2_All_K6.aln2_Cluster5.fa,20,GAAATATGAGTAGATGTCAT,112,113,114,108,111
q_CEN2_All_K6.aln2_Cluster5.fa,20,TAGGCTACACCATCAAAGCT,50,51,53,54,55,56
q_CEN2_All_K6.aln2_Cluster5.fa,20,AGCATTTCGGAGTGAAATAT,96,98,99,100,101
q_CEN2_All_K6.aln2_Cluster5.fa,20,TTTCGGAGTGAAATATGAGT,104,105,100,102,103
q_CEN2_All_K6.aln2_Cluster5.fa,20,GTAGATGTCATGTGTATGAT,120,121,122,123,117
q_CEN2_All_K6.aln2_Cluster5.fa,20,TCTTTCCCTGTTAGAAGATC,8,10,11,12,13
q_CEN2_All_K6.aln2_Cluster5.fa,20,TAGAAGATCCAAAACCAAAA,24,19,21,22,23
q_CEN2_All_K6.aln2_Cluster5.fa,20,TTATCTTTCCCTGTTAGAAG,8,9,10,5,7
q_CEN2_All_K6.aln2_Cluster5.fa,20,CGGAGTGAAATATGAGTAGA,105,106,107,108,103
q_CEN2_All_K6.aln2_Cluster5.fa,20,TGGGTTAGCATTTCGGAGTG,90,92,93,94,95
q_CEN2_All_K6.aln2_Cluster5.fa,20,TATGAGTAGATGTCATGTGT,112,115,116,117,118
q_CEN2_All_K6.aln2_Cluster5.fa,20,ACCATCAAAGCTTTGAAGAG,64,59,61,62,63
q_CEN2_All_K6.aln2_Cluster5.fa,20,CCCTGTTAGAAGATCCAAAA,16,17,18,13,15
q_CEN2_All_K6.aln2_Cluster5.fa,20,CTTTGAAGAGCAAGAAGAAT,72,73,74,69,71
q_CEN2_All_K6.aln2_Cluster5.fa,20,ATCAAAGCTTTGAAGAGCAA,64,65,66,67,62
q_CEN2_All_K6.aln2_Cluster5.fa,20,CATGTGTATGATTGAATATA,128,129,130,131,125,126
q_CEN2_All_K6.aln2_Cluster5.fa,20,TATCTTTCCCTGTTAGAAGA,8,9,10,11,6
q_CEN2_All_K6.aln2_Cluster5.fa,20,TTCGGAGTGAAATATGAGTA,104,105,106,101,103
q_CEN2_All_K6.aln2_Cluster5.fa,20,CAAAACCAAAAATCATACGG,32,33,28,30,31
q_CEN2_All_K6.aln2_Cluster5.fa,20,AGTAGATGTCATGTGTATGA,120,121,122,116,119
q_CEN2_All_K6.aln2_Cluster5.fa,20,TGAAATATGAGTAGATGTCA,112,113,107,110,111
q_CEN2_All_K6.aln2_Cluster5.fa,20,GATTGAATATAAAACTAGAA,134,135,137,138,139,140
q_CEN2_All_K6.aln2_Cluster5.fa,20,GAAGAATCTGGGTTAGCATT,81,82,84,85,86,87
q_CEN2_All_K6.aln2_Cluster5.fa,20,GTCATGTGTATGATTGAATA,128,129,123,126,127
q_CEN2_All_K6.aln2_Cluster5.fa,20,ACTAGAACCTCAACGAGATC,152,153,154,150,151
q_CEN2_All_K6.aln2_Cluster5.fa,20,GATCCAAAACCAAAAATCAT,24,26,27,28,29
q_CEN2_All_K6.aln2_Cluster5.fa,20,AGCTTTGAAGAGCAAGAAGA,72,67,69,70,71
q_CEN2_All_K6.aln2_Cluster5.fa,20,AAATTTATCTTTCCCTGTTA,3,5,6
q_CEN2_All_K6.aln2_Cluster5.fa,20,AAGCTTTGAAGAGCAAGAAG,66,68,69,70,71
q_CEN2_All_K6.aln2_Cluster5.fa,20,AAAACTAGAACCTCAACGAG,145,147,148,149,150,151
q_CEN2_All_K6.aln2_Cluster5.fa,20,CATCAAAGCTTTGAAGAGCA,64,65,66,61,63
q_CEN2_All_K6.aln2_Cluster5.fa,20,ATGATTGAATATAAAACTAG,132,133,135,136,137,138
q_CEN2_All_K6.aln2_Cluster5.fa,20,CACCATCAAAGCTTTGAAGA,58,60,61,62,63
q_CEN2_All_K6.aln2_Cluster5.fa,20,ATATGAGTAGATGTCATGTG,114,115,116,117,111
q_CEN2_All_K6.aln2_Cluster5.fa,20,CTGTTAGAAGATCCAAAACC,17,18,19,20,15
q_CEN2_All_K6.aln2_Cluster5.fa,20,GGGTTAGCATTTCGGAGTGA,96,91,93,94,95
q_CEN2_All_K6.aln2_Cluster5.fa,20,CAAAGCTTTGAAGAGCAAGA,64,66,67,68,69
q_CEN2_All_K6.aln2_Cluster5.fa,20,AAGAAGAATCTGGGTTAGCA,79,80,82,83,84,85
q_CEN2_All_K6.aln2_Cluster5.fa,20,AGAAGAATCTGGGTTAGCAT,80,81,83,84,85,86
q_CEN2_All_K6.aln2_Cluster5.fa,20,ACCAAAAATCATACGGACTT,32,34,35,36,37
q_CEN2_All_K6.aln2_Cluster5.fa,20,GAATCTGGGTTAGCATTTCG,88,89,90,85,87
q_CEN2_All_K6.aln2_Cluster5.fa,20,TTGAATATAAAACTAGAACC,137,139,140,141,142
q_CEN2_All_K6.aln2_Cluster5.fa,20,TGTGTATGATTGAATATAAA,128,130,131,132,133,127
q_CEN2_All_K6.aln2_Cluster5.fa,20,AATATAAAACTAGAACCTCA,144,145,140,142,143
q_CEN2_All_K6.aln2_Cluster5.fa,20,TCGGAGTGAAATATGAGTAG,104,105,106,107,102
q_CEN2_All_K6.aln2_Cluster5.fa,20,CCATCAAAGCTTTGAAGAGC,64,65,60,62,63
q_CEN2_All_K6.aln2_Cluster5.fa,20,AGTGAAATATGAGTAGATGT,105,108,109,110,111
q_CEN2_All_K6.aln2_Cluster5.fa,20,AGCAAGAAGAATCTGGGTTA,76,77,79,80,81,82
q_CEN2_All_K6.aln2_Cluster5.fa,20,AAAACCAAAAATCATACGGA,32,33,34,29,31
q_CEN2_All_K6.aln2_Cluster5.fa,20,AACCAAAAATCATACGGACT,33,34,35,36,31
q_CEN2_All_K6.aln2_Cluster5.fa,20,ATGAGTAGATGTCATGTGTA,113,116,117,118,119
q_CEN2_All_K6.aln2_Cluster5.fa,20,TCATGTGTATGATTGAATAT,128,129,130,124,125,127
q_CEN2_All_K6.aln2_Cluster5.fa,20,TTTGAAGAGCAAGAAGAATC,72,73,74,75,70
q_CEN2_All_K6.aln2_Cluster5.fa,20,GCTTTGAAGAGCAAGAAGAA,72,73,68,70,71
q_CEN2_All_K6.aln2_Cluster5.fa,20,TGTATGATTGAATATAAAAC,129,130,132,133,134,135
q_CEN2_All_K6.aln2_Cluster5.fa,20,TTAGAAGATCCAAAACCAAA,18,20,21,22,23
q_CEN2_All_K6.aln2_Cluster5.fa,20,AAAGCTTTGAAGAGCAAGAA,65,67,68,69,70
q_CEN2_All_K6.aln2_Cluster5.fa,20,GTTAGAAGATCCAAAACCAA,17,19,20,21,22
q_CEN2_All_K6.aln2_Cluster5.fa,20,GTTAGCATTTCGGAGTGAAA,96,97,98,93,95
q_CEN2_All_K6.aln2_Cluster5.fa,20,CTTTCCCTGTTAGAAGATCC,9,11,12,13,14
q_CEN2_All_K6.aln2_Cluster5.fa,20,GAATATAAAACTAGAACCTC,144,139,141,142,143
q_CEN2_All_K6.aln2_Cluster5.fa,20,AAGATCCAAAACCAAAAATC,24,25,26,27,22
q_CEN2_All_K6.aln2_Cluster5.fa,20,TTAGCATTTCGGAGTGAAAT,96,97,98,99,94
q_CEN2_All_K6.aln2_Cluster5.fa,20,CTGGGTTAGCATTTCGGAGT,89,91,92,93,94
q_CEN2_All_K6.aln2_Cluster5.fa,20,ATTTCGGAGTGAAATATGAG,104,99,101,102,103
q_CEN2_All_K6.aln2_Cluster5.fa,20,ATCTTTCCCTGTTAGAAGAT,9,10,11,12,7
q_CEN2_All_K6.aln2_Cluster5.fa,20,GTGAAATATGAGTAGATGTC,112,106,109,110,111
q_CEN2_All_K6.aln2_Cluster5.fa,20,ATCCAAAACCAAAAATCATA,25,27,28,29,30
q_CEN2_All_K6.aln2_Cluster5.fa,20,GAGTGAAATATGAGTAGATG,104,107,108,109,110
q_CEN2_All_K6.aln2_Cluster5.fa,20,AACCTAAATTTATCTTTCCC,0,1
q_CEN2_All_K6.aln2_Cluster5.fa,20,ATGTCATGTGTATGATTGAA,121,124,125,126,127
q_CEN2_All_K6.aln2_Cluster5.fa,20,TGATTGAATATAAAACTAGA,133,134,136,137,138,139
q_CEN2_All_K6.aln2_Cluster5.fa,20,TAAAACTAGAACCTCAACGA,144,146,147,148,149,150
q_CEN2_All_K6.aln2_Cluster5.fa,20,CCAAAAATCATACGGACTTA,33,35,36,37,38
q_CEN2_All_K6.aln2_Cluster5.fa,20,GTGTATGATTGAATATAAAA,128,129,131,132,133,134
q_CEN2_All_K6.aln2_Cluster5.fa,20,ATATAAAACTAGAACCTCAA,141,143,144,145,146,147
q_CEN2_All_K6.aln2_Cluster5.fa,20,ATTTATCTTTCCCTGTTAGA,8,5,7
q_CEN2_All_K6.aln2_Cluster5.fa,20,AACTAGAACCTCAACGAGAT,147,149,150,151,152,153
q_CEN2_All_K6.aln2_Cluster5.fa,20,GGACTTAGGCTACACCATCA,45,46,48,49,50,51
q_CEN2_All_K6.aln2_Cluster5.fa,20,CCAAAACCAAAAATCATACG,32,27,29,30,31
q_CEN2_All_K6.aln2_Cluster5.fa,20,ATGTGTATGATTGAATATAA,129,130,131,132,126,127
q_CEN2_All_K6.aln2_Cluster5.fa,20,AATCTGGGTTAGCATTTCGG,88,89,90,91,86
q_CEN2_All_K6.aln2_Cluster5.fa,20,AAGAATCTGGGTTAGCATTT,82,83,85,86,87,88
q_CEN2_All_K6.aln2_Cluster5.fa,20,GGTTAGCATTTCGGAGTGAA,96,97,92,94,95
q_CEN2_All_K6.aln2_Cluster5.fa,20,TGAAGAGCAAGAAGAATCTG,72,74,75,76,77
q_CEN2_All_K6.aln2_Cluster5.fa,20,ACCTAAATTTATCTTTCCCT,1,2
q_CEN2_All_K6.aln2_Cluster5.fa,20,AGAATCTGGGTTAGCATTTC,88,89,84,86,87
q_CEN2_All_K6.aln2_Cluster5.fa,20,GACTTAGGCTACACCATCAA,46,47,49,50,51,52
q_CEN2_All_K6.aln2_Cluster5.fa,20,AAGAGCAAGAAGAATCTGGG,74,76,77,78,79
q_CEN2_All_K6.aln2_Cluster5.fa,20,TTGAAGAGCAAGAAGAATCT,73,74,75,76,71
q_CEN2_All_K6.aln2_Cluster5.fa,20,GCATTTCGGAGTGAAATATG,97,99,100,101,102
q_CEN2_All_K6.aln2_Cluster5.fa,20,CAAAAATCATACGGACTTAG,34,36,37,38,39
q_CEN2_All_K6.aln2_Cluster5.fa,20,AGAAGATCCAAAACCAAAAA,24,25,20,22,23
q_CEN2_All_K6.aln2_Cluster5.fa,20,TAAATTTATCTTTCCCTGTT,2,4,5
q_CEN2_All_K6.aln2_Cluster5.fa,20,GAAGATCCAAAACCAAAAAT,20,21,23,24,25,26
q_CEN2_All_K6.aln2_Cluster5.fa,20,CCTAAATTTATCTTTCCCTG,0,2,3
q_CEN2_All_K6.aln2_Cluster5.fa,20,TTAGGCTACACCATCAAAGC,49,50,52,53,54,55
q_CEN2_All_K6.aln2_Cluster6.fa,20,GATTTATAGCCAAATATGAC,98,99,104,105,106,107
q_CEN2_All_K6.aln2_Cluster6.fa,20,ATGAAGAAGCTTGGTTTGTG,77,78,79,80,85,86,87
q_CEN2_All_K6.aln2_Cluster6.fa,20,GACTTCACCATCAAAGCTTT,51,52,54,58,59,60,61
q_CEN2_All_K6.aln2_Cluster6.fa,20,GAATCAAGAATAAGCTTGGT,71,72,73,74,75,80,81,82
q_CEN2_All_K6.aln2_Cluster6.fa,20,GACTTGATGTTTTGTTTATC,114,115,116,117,122,123,124,125
q_CEN2_All_K6.aln2_Cluster6.fa,20,GAAGCTTGGTTTGTGTTTTT,82,83,84,85,90,91,92,93
q_CEN2_All_K6.aln2_Cluster6.fa,20,CTTTGTGTATCATTGAGCAT,129,130,131,132,133,134,135,122,123,124,125,126,127
q_CEN2_All_K6.aln2_Cluster6.fa,20,ATCTTTGACTTCACCATCAA,45,46,51,53,54,55
q_CEN2_All_K6.aln2_Cluster6.fa,20,TAGCGGATTTATAGCCAAAT,99,100,101,102,93,94
q_CEN2_All_K6.aln2_Cluster6.fa,20,TTAAACTGTTCAAAACCAAA,24,16,15,23
q_CEN2_All_K6.aln2_Cluster6.fa,20,CACCAAAAACTCATAAGAAT,37,38,39,29,30,31
q_CEN2_All_K6.aln2_Cluster6.fa,20,GTTTATCATTCAGTATAAAA,128,129,130,135,137,127
q_CEN2_All_K6.aln2_Cluster6.fa,20,CAAAACCAAAAACTCATAAG,32,33,34,35,24,25,26,31
q_CEN2_All_K6.aln2_Cluster6.fa,20,TCAAAACCAAAAACTCATAA,32,33,34,22,23,24,25,30,31
q_CEN2_All_K6.aln2_Cluster6.fa,20,GGTTCACCATCAAAGCTTTG,51,52,53,54,55,59
q_CEN2_All_K6.aln2_Cluster6.fa,20,CAAATATGACTAGATGCTTT,104,106,107,108,109,110,111,112,113,114,115,116,117,118,119
q_CEN2_All_K6.aln2_Cluster6.fa,20,AACCAAAAACTCATAAGAAC,35,27,36,29,37
q_CEN2_All_K6.aln2_Cluster6.fa,20,TTCAAAACCAAAAACTGTTA,24,30,22,23
q_CEN2_All_K6.aln2_Cluster6.fa,20,AAACCAAAAACTCATAAGAA,34,35,36,37,26,27,28,29
q_CEN2_All_K6.aln2_Cluster6.fa,20,GTGCTTCCTTGTTATACGAT,2,3,4,5,12,13
q_CEN2_All_K6.aln2_Cluster6.fa,20,GATTCAAAACACCAAAAACT,30,28,21,22,29
q_CEN2_All_K6.aln2_Cluster6.fa,20,TTGTGTATCGTTGAGCATAA,128,129,132,133,134,135,122,124,126,127
q_CEN2_All_K6.aln2_Cluster6.fa,20,GTAGTGCTTCCTTGTTATAC,0,9,2,10,1
q_CEN2_All_K6.aln2_Cluster6.fa,20,AACCAAAAACTCATAAGAAT,36,37,38,28,29,30
q_CEN2_All_K6.aln2_Cluster6.fa,20,ATTGAGCATAAGAACTAGAA,133,134,135,136,137,138,139,140,141,142,143,144,145,146
q_CEN2_All_K6.aln2_Cluster6.fa,20,AGTAGTGCTTCCTTGTTAAA,0,1,2,7,8,9
q_CEN2_All_K6.aln2_Cluster6.fa,20,AGAAGCTTGGTTTGTGTTTT,81,82,83,84,89,90,91,92
q_CEN2_All_K6.aln2_Cluster6.fa,20,GTGTATCGTTGAGCATAAGA,128,129,130,131,134,135,136,137,124,126
q_CEN2_All_K6.aln2_Cluster6.fa,20,GCTTCCTTGTTAAACGATTC,5,6,7,8,13,14,15
q_CEN2_All_K6.aln2_Cluster6.fa,20,AAGAAGTGGCTTGGTTAGCG,87,85,78,79
q_CEN2_All_K6.aln2_Cluster6.fa,20,AAACTCATAAGAATTTCGGC,35,36,37,38,42,43,44,45
q_CEN2_All_K6.aln2_Cluster6.fa,20,CAAAACCAAAAACTGTTAAG,24,32,26,25
q_CEN2_All_K6.aln2_Cluster6.fa,20,GCCAAATATGACTAGATGCT,105,106,107,108,112,113,114,115
q_CEN2_All_K6.aln2_Cluster6.fa,20,TTCGGCTTCACCATCAAAGC,44,49,50,51,52,56,57,58,59
q_CEN2_All_K6.aln2_Cluster6.fa,20,ACTTGATGTTTTGTTTATCA,115,116,117,118,123,124,125,126
q_CEN2_All_K6.aln2_Cluster6.fa,20,CCATCAAAGCTTTGAGAATC,65,66,67,68,57,58,59,60,61
q_CEN2_All_K6.aln2_Cluster6.fa,20,TTGATGTTTTGTTTATCATT,128,117,118,119,120,125,126,127
q_CEN2_All_K6.aln2_Cluster6.fa,20,CATGAAGAAGCTTGGTTTGT,76,77,78,79,84,85,86
q_CEN2_All_K6.aln2_Cluster6.fa,20,TAGCCAAATATGACTAGATG,103,104,105,106,110,111,112,113
q_CEN2_All_K6.aln2_Cluster6.fa,20,GATTCAAAACCAAAAACTGT,28,20,22
q_CEN2_All_K6.aln2_Cluster6.fa,20,TGCTTTGTGTATCATTGAGC,128,129,130,131,132,133,120,121,122,123,124,125,127
q_CEN2_All_K6.aln2_Cluster6.fa,20,AGCATAAGAACTAGAACCGC,135,137,138,139,140,141,142,143,144,145,146,147,148,149,150
q_CEN2_All_K6.aln2_Cluster6.fa,20,TCAAAGCTTTGGGAATAAAG,64,65,70,71,72,62,63
q_CEN2_All_K6.aln2_Cluster6.fa,20,GTTTGTGTTTTTGTAGTCCA,98,100,90,91,92,93
q_CEN2_All_K6.aln2_Cluster6.fa,20,CTAGATGCTTTGTGTATCGT,113,117,118,119,120,123,124,125,126
q_CEN2_All_K6.aln2_Cluster6.fa,20,ATCATTCAGTATAAAAACTA,131,132,133,134,139,141
q_CEN2_All_K6.aln2_Cluster6.fa,20,TCCTTGTTATACGATTCAAG,9,10,18
q_CEN2_All_K6.aln2_Cluster6.fa,20,TCCTTGTTATACGATTCAAA,8,17,10,18,7
q_CEN2_All_K6.aln2_Cluster6.fa,20,AAGAATAAGCTTGGTTAGCG,76,77,78,79,80,85,86,87
q_CEN2_All_K6.aln2_Cluster6.fa,20,AACTCATAAGAACTTCGGCT,35,36,37,38,43,44,45
q_CEN2_All_K6.aln2_Cluster6.fa,20,ACTCATAAGATCTTTGACTT,36,37,42,44,45,46
q_CEN2_All_K6.aln2_Cluster6.fa,20,GATGCTTTGTGTATCGTTGA,128,129,116,120,121,122,123,126,127
q_CEN2_All_K6.aln2_Cluster6.fa,20,CTTCCTTGTTATACGATTCA,5,6,7,8,15,16
q_CEN2_All_K6.aln2_Cluster6.fa,20,AAGAATTTCGGCTTCACCAT,43,44,45,46,50,51,52,53
q_CEN2_All_K6.aln2_Cluster6.fa,20,ATTCAAAACACCAAAAACTC,31,29,30,22,23
q_CEN2_All_K6.aln2_Cluster6.fa,20,GCTTGGTTAGCGGATTTATA,86,87,88,92,93,94,95
q_CEN2_All_K6.aln2_Cluster6.fa,20,GGATTTGTAGTCAAATATGA,96,97,98,99,100,102,103,104,105,106,107,108,95
q_CEN2_All_K6.aln2_Cluster6.fa,20,TTCCTTGTTAAACGATTCAA,8,9,10,15,16,17
q_CEN2_All_K6.aln2_Cluster6.fa,20,ATCATTGAGCATAAGAACTA,130,131,132,133,134,135,136,137,138,139,140,141,142,143
q_CEN2_All_K6.aln2_Cluster6.fa,20,CAAAAACTGTTAAGAACTTC,32,30,31
q_CEN2_All_K6.aln2_Cluster6.fa,20,TATAGCCAAATATGACTAGA,102,103,104,108,109,110,111
q_CEN2_All_K6.aln2_Cluster6.fa,20,TTGGTTAGCGGATTTGTAGT,96,97,86,87,88,89,90,91,93,94,95
q_CEN2_All_K6.aln2_Cluster6.fa,20,AGTGCTTCCTTGTTAAACTG,12,11,4
q_CEN2_All_K6.aln2_Cluster6.fa,20,ATCGTTGAGCATAAGAACTA,128,130,132,133,134,135,138,140,141
q_CEN2_All_K6.aln2_Cluster6.fa,20,AACTCATAAGATCTTTGACT,35,36,41,43,44,45
q_CEN2_All_K6.aln2_Cluster6.fa,20,TTGTTATACGATTCAAGACC,12,13,21
q_CEN2_All_K6.aln2_Cluster6.fa,20,TGGGAATAAAGAAGAAGCTT,72,73,74,81
q_CEN2_All_K6.aln2_Cluster6.fa,20,AAGAATTCGGCTTCACTATC,41,42,43,44,50,51,52
q_CEN2_All_K6.aln2_Cluster6.fa,20,ACCAAAAACTCATAAGATCT,35,37,38,39,29,30
q_CEN2_All_K6.aln2_Cluster6.fa,20,TAGCGGATTTGTAGTCAAAT,96,98,99,100,101,102,103,104,91,92,93,94,95
q_CEN2_All_K6.aln2_Cluster6.fa,20,TTGTTTATCATTCAGTATAA,128,133,134,135,125,126,127
q_CEN2_All_K6.aln2_Cluster6.fa,20,AGAATCATGAAGAAGCTTGG,71,72,73,74,79,80,81
q_CEN2_All_K6.aln2_Cluster6.fa,20,ATTTCGGCTTCACCATCAAA,47,48,49,50,54,55,56,57
q_CEN2_All_K6.aln2_Cluster6.fa,20,AAAACCAAAAACTCATAAGA,32,33,34,35,36,25,26,27,28
q_CEN2_All_K6.aln2_Cluster6.fa,20,AAGCTTGGTTAGCGGATTTG,82,83,84,85,86,87,89,90,91,92,93
q_CEN2_All_K6.aln2_Cluster6.fa,20,AACCAAAAACTGTTAAGAAC,35,27,28,29
q_CEN2_All_K6.aln2_Cluster6.fa,20,ACTCATAAGAATTCGGCTTC,35,36,37,38,39,44,45,46
q_CEN2_All_K6.aln2_Cluster6.fa,20,GCTTGGTTAGCGGATTTGTA,84,85,86,87,88,89,91,93,94,95
q_CEN2_All_K6.aln2_Cluster6.fa,20,GCGGATTTGTAGTCAAATAT,96,97,98,100,101,102,103,104,105,106,93,94,95
q_CEN2_All_K6.aln2_Cluster6.fa,20,ATAAAGAAGAAGCTTTGCTA,79,86,77,78,85
q_CEN2_All_K6.aln2_Cluster6.fa,20,TAAACTGTTCAAAACCAAAA,24,25,16,17
q_CEN2_All_K6.aln2_Cluster6.fa,20,GGCTTCACTATCAAAGCTTT,49,50,51,52,54,58,59,60
q_CEN2_All_K6.aln2_Cluster6.fa,20,GGTTTGTGTTTTTGTAGTCC,97,99,89,90,91,92
q_CEN2_All_K6.aln2_Cluster6.fa,20,TTGTAGTCAAATATGACTAG,99,100,101,102,103,104,106,107,108,109,110,111,112
q_CEN2_All_K6.aln2_Cluster6.fa,20,TGTGTATCGTTGAGCATAAG,128,129,130,133,134,135,136,123,125,127
q_CEN2_All_K6.aln2_Cluster6.fa,20,TCCAAATTGACTTGATGTTT,106,107,108,109,114,116
q_CEN2_All_K6.aln2_Cluster6.fa,20,GTGGCTTGGTTAGCGGATTT,83,84,89,90,91,92
q_CEN2_All_K6.aln2_Cluster6.fa,20,CTTGTTAAACGATTCAAAAC,11,12,13,18,19,20
q_CEN2_All_K6.aln2_Cluster6.fa,20,GTGTTTTTGTAGTCCAAATT,96,97,102,104,94,95
q_CEN2_All_K6.aln2_Cluster6.fa,20,TTTTTGTAGTCCAAATTGAC,97,98,99,100,105,107
q_CEN2_All_K6.aln2_Cluster6.fa,20,CAAATTGACTTGATGTTTTG,108,109,110,111,116,118
q_CEN2_All_K6.aln2_Cluster6.fa,20,GTCCAAATTGACTTGATGTT,105,106,107,108,113,115
q_CEN2_All_K6.aln2_Cluster6.fa,20,TCAAATATGACTAGATGCTT,103,105,106,107,108,109,110,111,112,113,114,115,116,117,118
q_CEN2_All_K6.aln2_Cluster6.fa,20,AAAAACTGTTAAGAACTTCG,32,33,31
q_CEN2_All_K6.aln2_Cluster6.fa,20,AAACTCATAAGAACTTCGGC,34,35,36,37,41,42,43,44
q_CEN2_All_K6.aln2_Cluster6.fa,20,CATCAAAGCTTTGGGAATAA,68,69,70,60,61,62,63
q_CEN2_All_K6.aln2_Cluster6.fa,20,GTATCGTTGAGCATAAGAAC,128,130,131,132,133,136,137,138,139,126
q_CEN2_All_K6.aln2_Cluster6.fa,20,TTTGTGTTTTTGTAGTCCAA,99,101,91,92,93,94
q_CEN2_All_K6.aln2_Cluster6.fa,20,AGAATTTCGGCTTCACCATC,44,45,46,47,51,52,53,54
q_CEN2_All_K6.aln2_Cluster6.fa,20,ATGCTTTGTGTATCGTTGAG,128,129,130,117,121,122,123,124,127
q_CEN2_All_K6.aln2_Cluster6.fa,20,TAGTCAAATATGACTAGATG,100,102,103,104,105,106,107,109,110,111,112,113,114,115
q_CEN2_All_K6.aln2_Cluster6.fa,20,CATAAGATCTTTGACTTCAC,39,40,45,47,48,49
q_CEN2_All_K6.aln2_Cluster6.fa,20,TCTTTGACTTCACCATCAAA,46,47,52,54,55,56
q_CEN2_All_K6.aln2_Cluster6.fa,20,GTCAAATATGACTAGATGCT,102,104,105,106,107,108,109,110,111,112,113,114,115,116,117
q_CEN2_All_K6.aln2_Cluster6.fa,20,ATTCAGTATAAAAACTAGAA,134,135,136,137,142,144
q_CEN2_All_K6.aln2_Cluster6.fa,20,AACTCATAAGAATTTCGGCT,36,37,38,39,43,44,45,46
q_CEN2_All_K6.aln2_Cluster6.fa,20,ATTTATAGCCAAATATGACT,99,100,101,105,106,107,108
q_CEN2_All_K6.aln2_Cluster6.fa,20,CCTTGTTAAACGATTCAAAA,10,11,12,17,18,19
q_CEN2_All_K6.aln2_Cluster6.fa,20,AACACCAAAAACTCATAAGA,35,36,37,27,28,29
q_CEN2_All_K6.aln2_Cluster6.fa,20,CTTTGAGAATCAAGAAGTGG,76,75,67,68,69
q_CEN2_All_K6.aln2_Cluster6.fa,20,TTTGAGAATCAAGAATAAGC,67,68,69,70,75,77
q_CEN2_All_K6.aln2_Cluster6.fa,20,CCAAAAACTCATAAGAACTT,33,37,38,39,29,31
q_CEN2_All_K6.aln2_Cluster6.fa,20,TCACTATCAAAGCTTTGAGA,64,54,55,56,62,63
q_CEN2_All_K6.aln2_Cluster6.fa,20,CTCATAAGAACTTCGGCTTC,37,38,39,40,45,46,47
q_CEN2_All_K6.aln2_Cluster6.fa,20,ATTCAAAACCAAAAACTGTT,29,21,22,23
q_CEN2_All_K6.aln2_Cluster6.fa,20,TTATAGCCAAATATGACTAG,101,102,103,107,108,109,110
q_CEN2_All_K6.aln2_Cluster6.fa,20,TTTGTGTATCATTGAGCATA,128,130,131,132,133,134,135,136,123,124,125,126,127
q_CEN2_All_K6.aln2_Cluster6.fa,20,CCAAAAACTGTTAAGAACTT,32,37,29,30,31
q_CEN2_All_K6.aln2_Cluster6.fa,20,GATGCTTTGTGTATCATTGA,128,129,130,131,118,119,120,121,122,123,124,125,126,127
q_CEN2_All_K6.aln2_Cluster6.fa,20,TGAGCATAAGAACTAGAACC,133,135,136,137,138,139,140,141,142,143,144,145,146,147,148
q_CEN2_All_K6.aln2_Cluster6.fa,20,TTATACGATTCAAGACCAAA,16,24,23,15
q_CEN2_All_K6.aln2_Cluster6.fa,20,AAGATCTTTGACTTCACCAT,42,43,48,50,51,52
q_CEN2_All_K6.aln2_Cluster6.fa,20,AATCAAGAAGTGGCTTGGTT,74,75,76,81,82,83
q_CEN2_All_K6.aln2_Cluster6.fa,20,TTGAGCATAAGAACTAGAAC,132,134,135,136,137,138,139,140,141,142,143,144,145,146,147
q_CEN2_All_K6.aln2_Cluster6.fa,20,TCATAAGAATTTCGGCTTCA,39,40,41,42,46,47,48,49
q_CEN2_All_K6.aln2_Cluster6.fa,20,GTGTATCATTGAGCATAAGA,128,129,130,131,133,134,135,136,137,138,139,126,127
q_CEN2_All_K6.aln2_Cluster6.fa,20,TAGATGCTTTGTGTATCGTT,114,118,119,120,121,124,125,126,127
q_CEN2_All_K6.aln2_Cluster6.fa,20,CTTTGACTTCACCATCAAAG,47,48,53,55,56,57
q_CEN2_All_K6.aln2_Cluster6.fa,20,ATACGATTCAAGACCAAAAA,17,18,26,25
q_CEN2_All_K6.aln2_Cluster6.fa,20,TGTAGTCCAAATTGACTTGA,101,102,103,104,109,111
q_CEN2_All_K6.aln2_Cluster6.fa,20,GGGTTCACCATCAAAGCTTT,50,51,52,58,53
q_CEN2_All_K6.aln2_Cluster6.fa,20,CAAAAACTCATAAGAATTTC,32,33,34,39,40,41,42
q_CEN2_All_K6.aln2_Cluster6.fa,20,TGTTAAACGATTCAAAACAC,22,20,13,14,21
q_CEN2_All_K6.aln2_Cluster6.fa,20,GAAGTGGCTTGGTTAGCGGA,80,81,87,86,89
q_CEN2_All_K6.aln2_Cluster6.fa,20,ATCAAAGCTTTGGGAATAAA,64,69,70,71,61,62,63
q_CEN2_All_K6.aln2_Cluster6.fa,20,TTCAAAACACCAAAAACTCA,24,32,31,30,23
q_CEN2_All_K6.aln2_Cluster6.fa,20,CACCATCAAAGCTTTGGGAA,64,65,66,67,57,58,59,60
q_CEN2_All_K6.aln2_Cluster6.fa,20,TATCGTTGAGCATAAGAACT,129,131,132,133,134,137,138,139,140,127
q_CEN2_All_K6.aln2_Cluster6.fa,20,ACGATTCAAAACACCAAAAA,27,28,26,19,20
q_CEN2_All_K6.aln2_Cluster6.fa,20,ACCATCAAAGCTTTGAGAAT,64,65,66,67,53,56,57,58,59,60
q_CEN2_All_K6.aln2_Cluster6.fa,20,AACTCATAAGAATTCGGCTT,34,35,36,37,38,43,44,45
q_CEN2_All_K6.aln2_Cluster6.fa,20,AAGCTTGGTTTGTGTTTTTG,83,84,85,86,91,92,93,94
q_CEN2_All_K6.aln2_Cluster6.fa,20,GCTTTGAGAATCAAGAAGTG,66,75,67,68,74
q_CEN2_All_K6.aln2_Cluster6.fa,20,CTTGGTTAGCGGATTTATAG,96,87,88,89,93,94,95
q_CEN2_All_K6.aln2_Cluster6.fa,20,CGGATTTGTAGTCAAATATG,96,97,98,99,101,102,103,104,105,106,107,94,95
q_CEN2_All_K6.aln2_Cluster6.fa,20,GTTTTGTTTATCATTCAGTA,130,131,132,122,123,124,125
q_CEN2_All_K6.aln2_Cluster6.fa,20,GAACTTCGGGTTCACCATCA,44,45
q_CEN2_All_K6.aln2_Cluster6.fa,20,GAATTCGGCTTCACTATCAA,43,44,45,46,52,53,54
q_CEN2_All_K6.aln2_Cluster6.fa,20,TTTGGGAATAAAGAAGAAGC,72,79,70,71
q_CEN2_All_K6.aln2_Cluster6.fa,20,TCAAAACCAAAAACTGTTAA,24,25,31,23
q_CEN2_All_K6.aln2_Cluster6.fa,20,GTTAAACGATTCAAAACACC,23,21,22,14,15
q_CEN2_All_K6.aln2_Cluster6.fa,20,GGAATAAAGAAGAAGCTTTG,83,74,75,76,82
q_CEN2_All_K6.aln2_Cluster6.fa,20,AGAACTAGAACCGCAACCGG,141,143,144,145,146,147,148,150,151,152,153,154,155,156
q_CEN2_All_K6.aln2_Cluster6.fa,20,AGCTTGGTTTGTGTTTTTGT,84,85,86,87,92,93,94,95
q_CEN2_All_K6.aln2_Cluster6.fa,20,AGCTTTGAGAATCAAGAAGT,65,66,67,68,73,74
q_CEN2_All_K6.aln2_Cluster6.fa,20,GAGCATAAGAACTAGAACCG,134,136,137,138,139,140,141,142,143,144,145,146,147,148,149
q_CEN2_All_K6.aln2_Cluster6.fa,20,CTTCGGGTTCACCATCAAAG,48,47
q_CEN2_All_K6.aln2_Cluster6.fa,20,TGGTTAGCGGATTTGTAGTC,96,97,98,87,88,89,90,91,92,94,95
q_CEN2_All_K6.aln2_Cluster6.fa,20,AGCTTTGAGAATCAAGAAGC,73,66,74
q_CEN2_All_K6.aln2_Cluster6.fa,20,CCTTGTTATACGATTCAAGA,19,10,11
q_CEN2_All_K6.aln2_Cluster6.fa,20,ATATGACTAGATGCTTTGTG,107,109,110,111,112,113,114,116,117,118,119,120,121,122
q_CEN2_All_K6.aln2_Cluster6.fa,20,CTATCAAAGCTTTGAGAATC,65,66,67,57,58,59
q_CEN2_All_K6.aln2_Cluster6.fa,20,CATTGAGCATAAGAACTAGA,132,133,134,135,136,137,138,139,140,141,142,143,144,145
q_CEN2_All_K6.aln2_Cluster6.fa,20,CTTCGGCTTCACCATCAAAG,43,48,49,55,56,57
q_CEN2_All_K6.aln2_Cluster6.fa,20,TAAACGATTCAAAACACCAA,16,17,23,24,25
q_CEN2_All_K6.aln2_Cluster6.fa,20,TCGGCTTCACCATCAAAGCT,45,50,51,52,53,57,58,59,60
q_CEN2_All_K6.aln2_Cluster6.fa,20,ACTTCGGCTTCACCATCAAA,42,46,47,48,54,55,56
q_CEN2_All_K6.aln2_Cluster6.fa,20,TGTAGTCAAATATGACTAGA,100,101,102,103,104,105,107,108,109,110,111,112,113
q_CEN2_All_K6.aln2_Cluster6.fa,20,CCAAAAACTCATAAGATCTT,36,38,39,40,30,31
q_CEN2_All_K6.aln2_Cluster6.fa,20,AAGCTTTGAGAATCATGAAG,64,65,66,71,72,63
q_CEN2_All_K6.aln2_Cluster6.fa,20,AGATCTTTGACTTCACCATC,43,44,49,51,52,53
q_CEN2_All_K6.aln2_Cluster6.fa,20,CCAAATTGACTTGATGTTTT,107,108,109,110,115,117
q_CEN2_All_K6.aln2_Cluster6.fa,20,AGTATAAAAACTAGAAACGC,138,139,140,141,146,148
q_CEN2_All_K6.aln2_Cluster6.fa,20,GGATTTATAGCCAAATATGA,97,98,103,104,105,106
q_CEN2_All_K6.aln2_Cluster6.fa,20,AAAACCAAAAACTGTTAAGA,25,26,27,33
q_CEN2_All_K6.aln2_Cluster6.fa,20,TTGTAGTCCAAATTGACTTG,100,101,102,103,108,110
q_CEN2_All_K6.aln2_Cluster6.fa,20,TTTATAGCCAAATATGACTA,100,101,102,106,107,108,109
q_CEN2_All_K6.aln2_Cluster6.fa,20,TAGTGCTTCCTTGTTAAACG,1,2,3,4,9,10,11
q_CEN2_All_K6.aln2_Cluster6.fa,20,GTTAAACTGTTCAAAACCAA,15,14,22,23
q_CEN2_All_K6.aln2_Cluster6.fa,20,TTTCGGCTTCACCATCAAAG,48,49,50,51,55,56,57,58
q_CEN2_All_K6.aln2_Cluster6.fa,20,CAAAGCTTTGGGAATAAAGA,64,65,66,71,72,73,63
q_CEN2_All_K6.aln2_Cluster6.fa,20,ACTTCACCATCAAAGCTTTG,52,53,55,60,61,62
q_CEN2_All_K6.aln2_Cluster6.fa,20,AACTAGAACCGCAACCGGAT,143,145,146,147,148,149,150,152,153,154,155,156,157,158
q_CEN2_All_K6.aln2_Cluster6.fa,20,TAAGCTTGGTTAGCGGATTT,81,82,83,84,90,91,92
q_CEN2_All_K6.aln2_Cluster6.fa,20,TGCTTTGTGTATCGTTGAGC,128,129,130,131,118,122,123,124,125
q_CEN2_All_K6.aln2_Cluster6.fa,20,ATGTTTTGTTTATCATTCAG,128,129,130,131,120,121,122,123
q_CEN2_All_K6.aln2_Cluster6.fa,20,AAAAACTCATAAGAATTTCG,33,34,35,40,41,42,43
q_CEN2_All_K6.aln2_Cluster6.fa,20,ATTCGGCTTCACTATCAAAG,45,46,47,48,54,55,56
q_CEN2_All_K6.aln2_Cluster6.fa,20,CAAGAATAAGCTTGGTTAGC,75,76,77,78,79,84,85,86
q_CEN2_All_K6.aln2_Cluster6.fa,20,AAACCAAAAACTGTTAAGAA,26,27,28,34
q_CEN2_All_K6.aln2_Cluster6.fa,20,TCATTCAGTATAAAAACTAG,132,133,134,135,140,142
q_CEN2_All_K6.aln2_Cluster6.fa,20,GAATTTCGGCTTCACCATCA,45,46,47,48,52,53,54,55
q_CEN2_All_K6.aln2_Cluster6.fa,20,CCTTGTTAAACTGTTCAAAA,11,18,19
q_CEN2_All_K6.aln2_Cluster6.fa,20,TGTTCAAAACCAAAAACTCA,21,22,30,29
q_CEN2_All_K6.aln2_Cluster6.fa,20,TTATACGATTCAAAACCAAA,13,14,15,16,23,24
q_CEN2_All_K6.aln2_Cluster6.fa,20,TGTATCATTGAGCATAAGAA,128,129,130,131,132,133,134,135,136,137,138,139,140,127
q_CEN2_All_K6.aln2_Cluster6.fa,20,TTGTGTATCATTGAGCATAA,128,129,131,132,133,134,135,136,137,124,125,126,127
q_CEN2_All_K6.aln2_Cluster6.fa,20,TGTATCGTTGAGCATAAGAA,129,130,131,132,135,136,137,138,125,127
q_CEN2_All_K6.aln2_Cluster6.fa,20,AATATGACTAGATGCTTTGT,106,108,109,110,111,112,113,114,115,116,117,118,119,120,121
q_CEN2_All_K6.aln2_Cluster6.fa,20,GTAGTCAAATATGACTAGAT,101,102,103,104,105,106,108,109,110,111,112,113,114
q_CEN2_All_K6.aln2_Cluster6.fa,20,TTCGGGTTCACCATCAAAGC,48,49
q_CEN2_All_K6.aln2_Cluster6.fa,20,AAAACTCATAAGAATTTCGG,34,35,36,37,41,42,43,44
q_CEN2_All_K6.aln2_Cluster6.fa,20,CAAAACACCAAAAACTCATA,32,25,26,34,33
q_CEN2_All_K6.aln2_Cluster6.fa,20,TGGCTTGGTTAGCGGATTTA,84,85,90,91,92,93
q_CEN2_All_K6.aln2_Cluster6.fa,20,TGAGAATCAAGAAGTGGCTT,72,79,78,70,71
q_CEN2_All_K6.aln2_Cluster6.fa,20,TGTTAAACTGTTCAAAACCA,13,14,22,21
q_CEN2_All_K6.aln2_Cluster6.fa,20,TTTGAGAATCAAGAAGTGGC,76,68,69,70,77
q_CEN2_All_K6.aln2_Cluster6.fa,20,ACCAAAAACTCATAAGAACT,32,36,37,38,28,30
q_CEN2_All_K6.aln2_Cluster6.fa,20,TGTGTTTTTGTAGTCCAAAT,96,101,103,93,94,95
q_CEN2_All_K6.aln2_Cluster6.fa,20,AACGATTCAAAACACCAAAA,27,25,18,19,26
q_CEN2_All_K6.aln2_Cluster6.fa,20,AACTTCGGGTTCACCATCAA,45,46
q_CEN2_All_K6.aln2_Cluster6.fa,20,AAAACTGTTAAGAACTTCGG,32,33,34
q_CEN2_All_K6.aln2_Cluster6.fa,20,TCGGCTTCACTATCAAAGCT,47,48,49,50,52,56,57,58
q_CEN2_All_K6.aln2_Cluster6.fa,20,ATAAGAATTCGGCTTCACTA,39,40,41,42,48,49,50
q_CEN2_All_K6.aln2_Cluster6.fa,20,CATAAGAATTCGGCTTCACT,38,39,40,41,47,48,49
q_CEN2_All_K6.aln2_Cluster6.fa,20,GTTATACGATTCAAGACCAA,23,22,14,15
q_CEN2_All_K6.aln2_Cluster6.fa,20,TATACGATTCAAAACCAAAA,14,15,16,17,24,25
q_CEN2_All_K6.aln2_Cluster6.fa,20,TAGTCCAAATTGACTTGATG,103,104,105,106,111,113
q_CEN2_All_K6.aln2_Cluster6.fa,20,TGCTTCCTTGTTAAACTGTT,14,6,13
q_CEN2_All_K6.aln2_Cluster6.fa,20,TAAGAATTTCGGCTTCACCA,42,43,44,45,49,50,51,52
q_CEN2_All_K6.aln2_Cluster6.fa,20,TATAAAAACTAGAAACGCAA,140,141,142,143,148,150
q_CEN2_All_K6.aln2_Cluster6.fa,20,AAACGATTCAAAACACCAAA,24,17,18,26,25
q_CEN2_All_K6.aln2_Cluster6.fa,20,AGAATCAAGAAGTGGCTTGG,72,73,74,79,80,81
q_CEN2_All_K6.aln2_Cluster6.fa,20,TTCACTATCAAAGCTTTGAG,53,54,55,61,62,63
q_CEN2_All_K6.aln2_Cluster6.fa,20,AGAAGTGGCTTGGTTAGCGG,80,88,85,86,79
q_CEN2_All_K6.aln2_Cluster6.fa,20,CAAAGCTTTGAGAATCAAGA,64,65,69,70,71,72,61,62,63
q_CEN2_All_K6.aln2_Cluster6.fa,20,GAAGAAGCTTGGTTTGTGTT,79,80,81,82,87,88,89,90
q_CEN2_All_K6.aln2_Cluster6.fa,20,GGTTAGCGGATTTATAGCCA,96,97,98,99,90,91
q_CEN2_All_K6.aln2_Cluster6.fa,20,AGAACTTCGGGTTCACCATC,43,44
q_CEN2_All_K6.aln2_Cluster6.fa,20,TCAAGAATAAGCTTGGTTAG,74,75,76,77,78,83,84,85
q_CEN2_All_K6.aln2_Cluster6.fa,20,TGACTAGATGCTTTGTGTAT,110,112,113,114,115,116,117,118,119,120,121,122,123,124,125
q_CEN2_All_K6.aln2_Cluster6.fa,20,TGCTTCCTTGTTATACGATT,3,4,5,6,13,14
q_CEN2_All_K6.aln2_Cluster6.fa,20,TGTTTATCATTCAGTATAAA,128,129,134,136,126,127
q_CEN2_All_K6.aln2_Cluster6.fa,20,CGGCTTCACTATCAAAGCTT,48,49,50,51,53,57,58,59
q_CEN2_All_K6.aln2_Cluster6.fa,20,TTGTTAAACGATTCAAAACA,20,19,12,13,21
q_CEN2_All_K6.aln2_Cluster6.fa,20,ATAAGAACTTCGGCTTCACC,36,40,41,42,43,48,49
q_CEN2_All_K6.aln2_Cluster6.fa,20,TTCGGCTTCACTATCAAAGC,46,47,48,49,51,55,56,57
q_CEN2_All_K6.aln2_Cluster6.fa,20,AGCTTTGAGAATCATGAAGA,64,65,66,67,72,73,74
q_CEN2_All_K6.aln2_Cluster6.fa,20,AAAGCTTTGAGAATCATGAA,64,65,70,71,62,63
q_CEN2_All_K6.aln2_Cluster6.fa,20,TTAGCGGATTTATAGCCAAA,98,99,100,101,92,93
q_CEN2_All_K6.aln2_Cluster6.fa,20,TGTTATACGATTCAAAACCA,11,12,22,14,21
q_CEN2_All_K6.aln2_Cluster6.fa,20,AATCAAGAATAAGCTTGGTT,72,73,74,75,76,81,82,83
q_CEN2_All_K6.aln2_Cluster6.fa,20,CTTTGAGAATCATGAAGAAG,66,67,68,69,74,75,76
q_CEN2_All_K6.aln2_Cluster6.fa,20,ATGACTAGATGCTTTGTGTA,109,111,112,113,114,115,116,117,118,119,120,121,122,123,124
q_CEN2_All_K6.aln2_Cluster6.fa,20,ATAGCCAAATATGACTAGAT,103,104,105,109,110,111,112
q_CEN2_All_K6.aln2_Cluster6.fa,20,CTAGATGCTTTGTGTATCAT,128,115,116,117,118,119,120,121,122,123,124,125,126,127
q_CEN2_All_K6.aln2_Cluster6.fa,20,CTTCACTATCAAAGCTTTGA,52,53,54,60,61,62
q_CEN2_All_K6.aln2_Cluster6.fa,20,AAATATGACTAGATGCTTTG,105,107,108,109,110,111,112,113,114,115,116,117,118,119,120
q_CEN2_All_K6.aln2_Cluster6.fa,20,ATAAGATCTTTGACTTCACC,40,41,46,48,49,50
q_CEN2_All_K6.aln2_Cluster6.fa,20,TAGATGCTTTGTGTATCATT,128,129,116,117,118,119,120,121,122,123,124,125,126,127
q_CEN2_All_K6.aln2_Cluster6.fa,20,AGCCAAATATGACTAGATGC,104,105,106,107,111,112,113,114
q_CEN2_All_K6.aln2_Cluster6.fa,20,TGTTTTTGTAGTCCAAATTG,96,97,98,103,105,95
q_CEN2_All_K6.aln2_Cluster6.fa,20,ATAAGCTTGGTTAGCGGATT,80,81,82,83,89,90,91
q_CEN2_All_K6.aln2_Cluster6.fa,20,GCTTTGTGTATCATTGAGCA,128,129,130,131,132,133,134,121,122,123,124,125,126
q_CEN2_All_K6.aln2_Cluster6.fa,20,GTATCATTGAGCATAAGAAC,128,129,130,131,132,133,134,135,136,137,138,139,140,141
q_CEN2_All_K6.aln2_Cluster6.fa,20,AGATGCTTTGTGTATCGTTG,128,115,119,120,121,122,125,126,127
q_CEN2_All_K6.aln2_Cluster6.fa,20,GCTTTGAGAATCAAGAATAA,65,66,67,68,73,75
q_CEN2_All_K6.aln2_Cluster6.fa,20,GCTTCCTTGTTATACGATTC,4,5,6,7,14,15
q_CEN2_All_K6.aln2_Cluster6.fa,20,CTTGTTAAACTGTTCAAAAC,11,12,19,20
q_CEN2_All_K6.aln2_Cluster6.fa,20,ACACCAAAAACTCATAAGAA,36,37,38,28,29,30
q_CEN2_All_K6.aln2_Cluster6.fa,20,CTTCCTTGTTAAACTGTTCA,8,16,15
q_CEN2_All_K6.aln2_Cluster6.fa,20,TTGAGAATCATGAAGAAGCT,68,69,70,71,76,77,78
q_CEN2_All_K6.aln2_Cluster6.fa,20,TCATGAAGAAGCTTGGTTTG,75,76,77,78,83,84,85
q_CEN2_All_K6.aln2_Cluster6.fa,20,ATAAGAATTTCGGCTTCACC,41,42,43,44,48,49,50,51
q_CEN2_All_K6.aln2_Cluster6.fa,20,CGGCTTCACCATCAAAGCTT,46,50,51,52,53,54,58,59,60,61
q_CEN2_All_K6.aln2_Cluster6.fa,20,GAGAATCAAGAAGTGGCTTG,72,80,71,73,79
q_CEN2_All_K6.aln2_Cluster6.fa,20,CTTGGTTTGTGTTTTTGTAG,96,97,86,87,88,89,94,95
q_CEN2_All_K6.aln2_Cluster6.fa,20,TTGAGAATCAAGAAGTGGCT,71,77,78,70,69
q_CEN2_All_K6.aln2_Cluster6.fa,20,TTTTGTTTATCATTCAGTAT,131,132,133,123,124,125,126
q_CEN2_All_K6.aln2_Cluster6.fa,20,TACGATTCAAAACCAAAAAC,16,17,18,19,25,26,27
q_CEN2_All_K6.aln2_Cluster6.fa,20,TTGGTTTGTGTTTTTGTAGT,96,97,98,87,88,89,90,95
q_CEN2_All_K6.aln2_Cluster6.fa,20,ATCATGAAGAAGCTTGGTTT,74,75,76,77,82,83,84
q_CEN2_All_K6.aln2_Cluster6.fa,20,TTCCTTGTTATACGATTCAA,6,7,8,9,16,17
q_CEN2_All_K6.aln2_Cluster6.fa,20,TTTGTAGTCAAATATGACTA,98,99,100,101,102,103,105,106,107,108,109,110,111
q_CEN2_All_K6.aln2_Cluster6.fa,20,CTTGTTATACGATTCAAAAC,20,10,19,12,9
q_CEN2_All_K6.aln2_Cluster6.fa,20,TATCATTGAGCATAAGAACT,129,130,131,132,133,134,135,136,137,138,139,140,141,142
q_CEN2_All_K6.aln2_Cluster6.fa,20,GATGTTTTGTTTATCATTCA,128,129,130,119,120,121,122,127
q_CEN2_All_K6.aln2_Cluster6.fa,20,ACTCATAAGAATTTCGGCTT,37,38,39,40,44,45,46,47
q_CEN2_All_K6.aln2_Cluster6.fa,20,GATCTTTGACTTCACCATCA,44,45,50,52,53,54
q_CEN2_All_K6.aln2_Cluster6.fa,20,TTTATCATTCAGTATAAAAA,128,129,130,131,136,138
q_CEN2_All_K6.aln2_Cluster6.fa,20,AAACTCATAAGATCTTTGAC,34,35,40,42,43,44
q_CEN2_All_K6.aln2_Cluster6.fa,20,AAGAACTTCGGCTTCACCAT,38,42,43,44,50,51
q_CEN2_All_K6.aln2_Cluster6.fa,20,AAACACCAAAAACTCATAAG,36,34,27,28,35
q_CEN2_All_K6.aln2_Cluster6.fa,20,TTTGTTTATCATTCAGTATA,132,133,134,124,125,126,127
q_CEN2_All_K6.aln2_Cluster6.fa,20,CAAAAACTCATAAGATCTTT,32,37,39,40,41,31
q_CEN2_All_K6.aln2_Cluster6.fa,20,TTAAGAACTTCGGGTTCACC,40,41
q_CEN2_All_K6.aln2_Cluster6.fa,20,AATAAAGAAGAAGCTTTGCT,84,76,77,78,85
q_CEN2_All_K6.aln2_Cluster6.fa,20,GTTAGCGGATTTATAGCCAA,97,98,99,100,91,92
q_CEN2_All_K6.aln2_Cluster6.fa,20,GCTTCACCATCAAAGCTTTG,48,51,52,53,54,55,56,60,61,62,63
q_CEN2_All_K6.aln2_Cluster6.fa,20,CTCATAAGAATTTCGGCTTC,38,39,40,41,45,46,47,48
q_CEN2_All_K6.aln2_Cluster6.fa,20,TTGACTTGATGTTTTGTTTA,112,113,114,115,120,122
q_CEN2_All_K6.aln2_Cluster6.fa,20,GGCTTGGTTAGCGGATTTAT,85,86,91,92,93,94
q_CEN2_All_K6.aln2_Cluster6.fa,20,CCATCAAAGCTTTGGGAATA,67,68,69,59,60,61,62
q_CEN2_All_K6.aln2_Cluster6.fa,20,AAGTAGTGCTTCCTTGTTAA,0,8,1,6,7
q_CEN2_All_K6.aln2_Cluster6.fa,20,AATTGACTTGATGTTTTGTT,110,111,112,113,118,120
q_CEN2_All_K6.aln2_Cluster6.fa,20,ACCAAAAACTGTTAAGAACT,36,28,29,30
q_CEN2_All_K6.aln2_Cluster6.fa,20,AAGTAGTGCTTCCTTGTTAT,0,8,7
q_CEN2_All_K6.aln2_Cluster6.fa,20,CGATTCAAAACACCAAAAAC,28,27,20,21,29
q_CEN2_All_K6.aln2_Cluster6.fa,20,AGTCAAATATGACTAGATGC,101,103,104,105,106,107,108,110,111,112,113,114,115,116
q_CEN2_All_K6.aln2_Cluster6.fa,20,TTGTTATACGATTCAAAACC,10,11,20,13,21
q_CEN2_All_K6.aln2_Cluster6.fa,20,AATAAGCTTGGTTAGCGGAT,79,80,81,82,83,88,89,90
q_CEN2_All_K6.aln2_Cluster6.fa,20,GAGAATCATGAAGAAGCTTG,70,71,72,73,78,79,80
q_CEN2_All_K6.aln2_Cluster6.fa,20,CTTTGAGAATCAAGAATAAG,66,67,68,69,74,76
q_CEN2_All_K6.aln2_Cluster6.fa,20,CTTGTTATACGATTCAAGAC,20,11,12
q_CEN2_All_K6.aln2_Cluster6.fa,20,AAGCTTTGAGAATCAAGAAG,64,65,66,67,72,73,74
q_CEN2_All_K6.aln2_Cluster6.fa,20,TCATTGAGCATAAGAACTAG,131,132,133,134,135,136,137,138,139,140,141,142,143,144
q_CEN2_All_K6.aln2_Cluster6.fa,20,ACTAGATGCTTTGTGTATCA,114,115,116,117,118,119,120,121,122,123,124,125,126,127
q_CEN2_All_K6.aln2_Cluster6.fa,20,GAATCAAGAAGTGGCTTGGT,73,74,75,80,81,82
q_CEN2_All_K6.aln2_Cluster6.fa,20,ACTAGATGCTTTGTGTATCG,112,116,117,118,119,122,123,124,125
q_CEN2_All_K6.aln2_Cluster6.fa,20,AAGCTTTGAGAATCAAGAAT,64,65,66,71,72,73,63
q_CEN2_All_K6.aln2_Cluster6.fa,20,AGAACTTCGGCTTCACCATC,39,43,44,45,51,52,53
q_CEN2_All_K6.aln2_Cluster6.fa,20,GTTCAAAACCAAAAACTCAT,23,22,30,31
q_CEN2_All_K6.aln2_Cluster6.fa,20,AACTTCGGCTTCACCATCAA,41,45,46,47,53,54,55
q_CEN2_All_K6.aln2_Cluster6.fa,20,CTCATAAGAATTCGGCTTCA,36,37,38,39,40,45,46,47
q_CEN2_All_K6.aln2_Cluster6.fa,20,GAATAAGCTTGGTTAGCGGA,78,79,80,81,82,87,88,89
q_CEN2_All_K6.aln2_Cluster6.fa,20,ATAAAAACTAGAAACGCAAT,149,144,141,142,143
q_CEN2_All_K6.aln2_Cluster6.fa,20,CTTTGGGAATAAAGAAGAAG,68,69,70,71,76,78
q_CEN2_All_K6.aln2_Cluster6.fa,20,GTATAAAAACTAGAAACGCA,139,140,141,142,147,149
q_CEN2_All_K6.aln2_Cluster6.fa,20,TCAGTATAAAAACTAGAAAC,136,137,138,139,144,146
q_CEN2_All_K6.aln2_Cluster6.fa,20,GACTAGATGCTTTGTGTATC,111,113,114,115,116,117,118,119,120,121,122,123,124,125,126
q_CEN2_All_K6.aln2_Cluster6.fa,20,TGTTATACGATTCAAGACCA,21,22,14,13
q_CEN2_All_K6.aln2_Cluster6.fa,20,TAAGATCTTTGACTTCACCA,41,42,47,49,50,51
q_CEN2_All_K6.aln2_Cluster6.fa,20,CGATTCAAAACCAAAAACTG,27,19,21
q_CEN2_All_K6.aln2_Cluster6.fa,20,CAAAAACTCATAAGAATTCG,32,33,34,39,40,41,31
q_CEN2_All_K6.aln2_Cluster6.fa,20,CGATTCAAAACCAAAAACTC,18,19,20,21,26,27,28,29
q_CEN2_All_K6.aln2_Cluster6.fa,20,TATGACTAGATGCTTTGTGT,108,110,111,112,113,114,115,116,117,118,119,120,121,122,123
q_CEN2_All_K6.aln2_Cluster6.fa,20,ACGATTCAAAACCAAAAACT,17,18,19,20,25,26,27,28
q_CEN2_All_K6.aln2_Cluster6.fa,20,GTAGTCCAAATTGACTTGAT,102,103,104,105,110,112
q_CEN2_All_K6.aln2_Cluster6.fa,20,TCATAAGAACTTCGGCTTCA,34,38,39,40,41,46,47,48
q_CEN2_All_K6.aln2_Cluster6.fa,20,TATACGATTCAAGACCAAAA,16,17,24,25
q_CEN2_All_K6.aln2_Cluster6.fa,20,TTCACCATCAAAGCTTTGGG,64,65,55,56,57,58,62,63
q_CEN2_All_K6.aln2_Cluster6.fa,20,TTATCATTCAGTATAAAAAC,129,130,131,132,137,139
q_CEN2_All_K6.aln2_Cluster6.fa,20,TTCCTTGTTAAACTGTTCAA,16,9,17
q_CEN2_All_K6.aln2_Cluster6.fa,20,GAGAATCAAGAATAAGCTTG,70,71,72,73,78,80
q_CEN2_All_K6.aln2_Cluster6.fa,20,AAACTGTTCAAAACCAAAAA,25,26,18,17
q_CEN2_All_K6.aln2_Cluster6.fa,20,TGATGTTTTGTTTATCATTC,128,129,118,119,120,121,126,127
q_CEN2_All_K6.aln2_Cluster6.fa,20,AGTGCTTCCTTGTTATACGA,1,2,3,4,11,12
q_CEN2_All_K6.aln2_Cluster6.fa,20,GTGCTTCCTTGTTAAACGAT,3,4,5,6,11,12,13
q_CEN2_All_K6.aln2_Cluster6.fa,20,ATACGATTCAAAACCAAAAA,15,16,17,18,25,26
q_CEN2_All_K6.aln2_Cluster6.fa,20,GGCTTCACCATCAAAGCTTT,47,51,52,53,54,55,59,60,61,62
q_CEN2_All_K6.aln2_Cluster6.fa,20,GCTTTGAGAATCATGAAGAA,65,66,67,68,73,74,75
q_CEN2_All_K6.aln2_Cluster6.fa,20,GGGAATAAAGAAGAAGCTTT,73,74,75,82
q_CEN2_All_K6.aln2_Cluster6.fa,20,ACCATCAAAGCTTTGGGAAT,65,66,67,68,58,59,60,61
q_CEN2_All_K6.aln2_Cluster6.fa,20,AAAACTCATAAGAACTTCGG,33,34,35,36,40,41,42,43
q_CEN2_All_K6.aln2_Cluster6.fa,20,CATCAAAGCTTTGAGAATCA,66,67,68,69,58,59,60,61,62
q_CEN2_All_K6.aln2_Cluster6.fa,20,TTTGTAGTCCAAATTGACTT,99,100,101,102,107,109
q_CEN2_All_K6.aln2_Cluster6.fa,20,AGAATCAAGAATAAGCTTGG,70,71,72,73,74,79,80,81
q_CEN2_All_K6.aln2_Cluster6.fa,20,CAAGAAGTGGCTTGGTTAGC,84,86,78,77
q_CEN2_All_K6.aln2_Cluster6.fa,20,CTTGATGTTTTGTTTATCAT,116,117,118,119,124,125,126,127
q_CEN2_All_K6.aln2_Cluster6.fa,20,CATTCAGTATAAAAACTAGA,133,134,135,136,141,143
q_CEN2_All_K6.aln2_Cluster6.fa,20,CGTTGAGCATAAGAACTAGA,130,132,134,135,136,137,140,142,143
q_CEN2_All_K6.aln2_Cluster6.fa,20,GAATCATGAAGAAGCTTGGT,72,73,74,75,80,81,82
q_CEN2_All_K6.aln2_Cluster6.fa,20,TTCAGTATAAAAACTAGAAA,135,136,137,138,143,145
q_CEN2_All_K6.aln2_Cluster6.fa,20,CATAAGAATTTCGGCTTCAC,40,41,42,43,47,48,49,50
q_CEN2_All_K6.aln2_Cluster6.fa,20,ACTCATAAGAACTTCGGCTT,36,37,38,39,44,45,46
q_CEN2_All_K6.aln2_Cluster6.fa,20,CTTTGTGTATCGTTGAGCAT,130,131,132,133,120,122,124,125,126,127
q_CEN2_All_K6.aln2_Cluster6.fa,20,TTAGCGGATTTGTAGTCAAA,97,98,99,100,101,102,90,91,92,93,94,95
q_CEN2_All_K6.aln2_Cluster6.fa,20,GTTCACCATCAAAGCTTTGA,60,52,53,54,55
q_CEN2_All_K6.aln2_Cluster6.fa,20,CAAAAACTCATAAGAACTTC,32,34,38,39,40,30
q_CEN2_All_K6.aln2_Cluster6.fa,20,CCAAATATGACTAGATGCTT,106,107,108,109,113,114,115,116
q_CEN2_All_K6.aln2_Cluster6.fa,20,TTCACCATCAAAGCTTTGAG,64,50,53,54,55,56,57,61,62,63
q_CEN2_All_K6.aln2_Cluster6.fa,20,TGACTTGATGTTTTGTTTAT,113,114,115,116,121,122,123,124
q_CEN2_All_K6.aln2_Cluster6.fa,20,TGTTTTGTTTATCATTCAGT,129,130,131,132,121,122,123,124
q_CEN2_All_K6.aln2_Cluster6.fa,20,AGCGGATTTGTAGTCAAATA,96,97,99,100,101,102,103,104,105,92,93,94,95
q_CEN2_All_K6.aln2_Cluster6.fa,20,AAAGCTTTGGGAATAAAGAA,64,65,66,67,72,73,74
q_CEN2_All_K6.aln2_Cluster6.fa,20,ATTCAAAACCAAAAACTCAT,32,20,21,22,23,28,29,30,31
q_CEN2_All_K6.aln2_Cluster6.fa,20,CATAAGAACTAGAACCGCAA,137,139,140,141,142,143,144,146,147,148,149,150,151,152
q_CEN2_All_K6.aln2_Cluster6.fa,20,GATTTGTAGTCAAATATGAC,96,97,98,99,100,101,103,104,105,106,107,108,109
q_CEN2_All_K6.aln2_Cluster6.fa,20,ATCAAGAATAAGCTTGGTTA,73,74,75,76,77,82,83,84
q_CEN2_All_K6.aln2_Cluster6.fa,20,TCCTTGTTAAACGATTCAAA,9,10,11,16,17,18
q_CEN2_All_K6.aln2_Cluster6.fa,20,AGTGCTTCCTTGTTAAACGA,2,3,4,5,10,11,12
q_CEN2_All_K6.aln2_Cluster6.fa,20,AAAAACTAGAAACGCAATAA,144,145,146,151,143
q_CEN2_All_K6.aln2_Cluster6.fa,20,AAAACTCATAAGATCTTTGA,33,34,39,41,42,43
q_CEN2_All_K6.aln2_Cluster6.fa,20,TTGGTTAGCGGATTTATAGC,96,97,88,89,94,95
q_CEN2_All_K6.aln2_Cluster6.fa,20,TGACTTCACCATCAAAGCTT,50,51,57,58,59,60
q_CEN2_All_K6.aln2_Cluster6.fa,20,TTTGACTTCACCATCAAAGC,48,49,54,56,57,58
q_CEN2_All_K6.aln2_Cluster6.fa,20,CTTGGTTAGCGGATTTGTAG,96,85,86,87,88,89,90,92,94,95
q_CEN2_All_K6.aln2_Cluster6.fa,20,TTGAGAATCAAGAATAAGCT,68,69,70,71,76,78
q_CEN2_All_K6.aln2_Cluster6.fa,20,TAAAAACTAGAAACGCAATA,144,145,150,142,143
q_CEN2_All_K6.aln2_Cluster6.fa,20,CGGATTTATAGCCAAATATG,96,97,102,103,104,105
q_CEN2_All_K6.aln2_Cluster6.fa,20,AAGCTTTGGGAATAAAGAAG,65,66,67,68,73,74,75
q_CEN2_All_K6.aln2_Cluster6.fa,20,TGAGAATCATGAAGAAGCTT,69,70,71,72,77,78,79
q_CEN2_All_K6.aln2_Cluster6.fa,20,GGTTAGCGGATTTGTAGTCA,96,97,98,99,88,89,90,91,92,93,95
q_CEN2_All_K6.aln2_Cluster6.fa,20,AATTCGGCTTCACTATCAAA,44,45,46,47,53,54,55
q_CEN2_All_K6.aln2_Cluster6.fa,20,TTTTGTAGTCCAAATTGACT,98,99,100,101,106,108
q_CEN2_All_K6.aln2_Cluster6.fa,20,TCATAAGATCTTTGACTTCA,38,39,44,46,47,48
q_CEN2_All_K6.aln2_Cluster6.fa,20,TCAAAGCTTTGAGAATCATG,68,69,60,61,62,63
q_CEN2_All_K6.aln2_Cluster6.fa,20,TTGACTTCACCATCAAAGCT,49,50,56,57,58,59
q_CEN2_All_K6.aln2_Cluster6.fa,20,TTTGTGTATCGTTGAGCATA,128,131,132,133,134,121,123,125,126,127
q_CEN2_All_K6.aln2_Cluster6.fa,20,AGAATAAGCTTGGTTAGCGG,77,78,79,80,81,86,87,88
q_CEN2_All_K6.aln2_Cluster6.fa,20,AAGTGGCTTGGTTAGCGGAT,88,81,82,90,87
q_CEN2_All_K6.aln2_Cluster6.fa,20,TAGTGCTTCCTTGTTATACG,0,1,2,3,10,11
q_CEN2_All_K6.aln2_Cluster6.fa,20,ACTTCGGGTTCACCATCAAA,46,47
q_CEN2_All_K6.aln2_Cluster6.fa,20,ATCAAAGCTTTGAGAATCAT,67,68,59,60,61,62
q_CEN2_All_K6.aln2_Cluster6.fa,20,GAATAAAGAAGAAGCTTTGC,84,83,75,76,77
q_CEN2_All_K6.aln2_Cluster6.fa,20,TAAGAATTCGGCTTCACTAT,40,41,42,43,49,50,51
q_CEN2_All_K6.aln2_Cluster6.fa,20,GCTTGGTTTGTGTTTTTGTA,96,85,86,87,88,93,94,95
q_CEN2_All_K6.aln2_Cluster6.fa,20,TTAAACGATTCAAAACACCA,16,24,23,22,15
q_CEN2_All_K6.aln2_Cluster6.fa,20,AAATTGACTTGATGTTTTGT,109,110,111,112,117,119
q_CEN2_All_K6.aln2_Cluster6.fa,20,AAAAACTCATAAGAATTCGG,32,33,34,35,40,41,42,31
q_CEN2_All_K6.aln2_Cluster6.fa,20,GTTAGCGGATTTGTAGTCAA,96,97,98,99,100,89,90,91,92,93,94
q_CEN2_All_K6.aln2_Cluster6.fa,20,CTTCCTTGTTAAACGATTCA,7,8,9,14,15,16
q_CEN2_All_K6.aln2_Cluster6.fa,20,CCAAAAACTCATAAGAATTT,32,33,38,39,40,41,30,31
q_CEN2_All_K6.aln2_Cluster6.fa,20,ATTGACTTGATGTTTTGTTT,111,112,113,114,119,121
q_CEN2_All_K6.aln2_Cluster6.fa,20,CCAAAAACTCATAAGAATTC,32,33,38,39,40,30,31
q_CEN2_All_K6.aln2_Cluster6.fa,20,AAAACTAGAAACGCAATAAG,144,152,146,147,145
q_CEN2_All_K6.aln2_Cluster6.fa,20,GCTTCACTATCAAAGCTTTG,51,52,53,55,59,60,61
q_CEN2_All_K6.aln2_Cluster6.fa,20,AATCATGAAGAAGCTTGGTT,73,74,75,76,81,82,83
q_CEN2_All_K6.aln2_Cluster6.fa,20,TTTGAGAATCATGAAGAAGC,67,68,69,70,75,76,77
q_CEN2_All_K6.aln2_Cluster6.fa,20,AAAGCTTTGAGAATCAAGAA,64,65,66,70,71,72,73,62,63
q_CEN2_All_K6.aln2_Cluster6.fa,20,CAAAGCTTTGAGAATCATGA,64,69,70,61,62,63
q_CEN2_All_K6.aln2_Cluster6.fa,20,AGTCCAAATTGACTTGATGT,104,105,106,107,112,114
q_CEN2_All_K6.aln2_Cluster6.fa,20,ATTTGTAGTCAAATATGACT,97,98,99,100,101,102,104,105,106,107,108,109,110
q_CEN2_All_K6.aln2_Cluster6.fa,20,AAAAACTCATAAGAACTTCG,32,33,34,35,39,40,41,42
q_CEN2_All_K6.aln2_Cluster6.fa,20,AAAACTCATAAGAATTCGGC,32,33,34,35,36,41,42,43
q_CEN2_All_K6.aln2_Cluster6.fa,20,TAGTGCTTCCTTGTTAAACT,11,10,3
q_CEN2_All_K6.aln2_Cluster6.fa,20,TCATAAGAATTCGGCTTCAC,37,38,39,40,41,46,47,48
q_CEN2_All_K6.aln2_Cluster6.fa,20,TCAAAACACCAAAAACTCAT,24,25,31,32,33
q_CEN2_All_K6.aln2_Cluster6.fa,20,AAAAACTCATAAGATCTTTG,32,33,38,40,41,42
q_CEN2_All_K6.aln2_Cluster6.fa,20,TTGTTAAACTGTTCAAAACC,12,20,21,13
q_CEN2_All_K6.aln2_Cluster6.fa,20,CATAAGAACTTCGGCTTCAC,35,39,40,41,42,47,48,49
q_CEN2_All_K6.aln2_Cluster6.fa,20,CCTTGTTATACGATTCAAAA,19,9,18,11,8
q_CEN2_All_K6.aln2_Cluster6.fa,20,ACTATCAAAGCTTTGAGAAT,64,65,66,56,57,58
q_CEN2_All_K6.aln2_Cluster6.fa,20,TATCATTCAGTATAAAAACT,130,131,132,133,138,140
q_CEN2_All_K6.aln2_Cluster6.fa,20,GAACTAGAACCGCAACCGGA,142,144,145,146,147,148,149,151,152,153,154,155,156,157
q_CEN2_All_K6.aln2_Cluster6.fa,20,GCTTTGTGTATCGTTGAGCA,129,130,131,132,119,123,124,125,126
q_CEN2_All_K6.aln2_Cluster6.fa,20,GCGGATTTATAGCCAAATAT,96,101,102,103,104,95
q_CEN2_All_K6.aln2_Cluster6.fa,20,GTAGTGCTTCCTTGTTAAAC,0,1,2,3,8,9,10
q_CEN2_All_K6.aln2_Cluster6.fa,20,TGTGTATCATTGAGCATAAG,128,129,130,132,133,134,135,136,137,138,125,126,127
q_CEN2_All_K6.aln2_Cluster6.fa,20,GCTTCCTTGTTAAACTGTTC,15,14,7
q_CEN2_All_K6.aln2_Cluster6.fa,20,TCGTTGAGCATAAGAACTAG,129,131,133,134,135,136,139,141,142
q_CEN2_All_K6.aln2_Cluster6.fa,20,TCCTTGTTAAACTGTTCAAA,17,10,18
q_CEN2_All_K6.aln2_Cluster6.fa,20,CTTCACCATCAAAGCTTTGA,49,52,53,54,55,56,61,62,63
q_CEN2_All_K6.aln2_Cluster6.fa,20,CTTCACCATCAAAGCTTTGG,64,52,54,55,56,57,61,62,63
q_CEN2_All_K6.aln2_Cluster6.fa,20,TGAGAATCAAGAATAAGCTT,69,70,71,72,77,79
q_CEN2_All_K6.aln2_Cluster6.fa,20,TTGGGAATAAAGAAGAAGCT,72,80,73,71
q_CEN2_All_K6.aln2_Cluster6.fa,20,ACCAAAAACTCATAAGAATT,32,37,38,39,40,29,30,31
q_CEN2_All_K6.aln2_Cluster6.fa,20,AAGAACTTCGGGTTCACCAT,42,43
q_CEN2_All_K6.aln2_Cluster6.fa,20,TTCAAAACCAAAAACTCATA,32,33,21,22,23,24,29,30,31
q_CEN2_All_K6.aln2_Cluster6.fa,20,AGTAGTGCTTCCTTGTTATA,8,1,0,9
q_CEN2_All_K6.aln2_Cluster6.fa,20,TAAGAACTTCGGCTTCACCA,37,41,42,43,44,49,50
q_CEN2_All_K6.aln2_Cluster6.fa,20,TGCTTCCTTGTTAAACGATT,4,5,6,7,12,13,14
q_CEN2_All_K6.aln2_Cluster6.fa,20,TATCAAAGCTTTGAGAATCA,66,67,68,58,59,60
q_CEN2_All_K6.aln2_Cluster6.fa,20,AGCTTTGGGAATAAAGAAGA,66,67,68,69,74,75,76
q_CEN2_All_K6.aln2_Cluster6.fa,20,TCACCATCAAAGCTTTGAGA,64,65,51,54,55,56,57,58,62,63
q_CEN2_All_K6.aln2_Cluster6.fa,20,GTTATACGATTCAAAACCAA,23,12,13,22,15
q_CEN2_All_K6.aln2_Cluster6.fa,20,TTGTGTTTTTGTAGTCCAAA,100,102,92,93,94,95
q_CEN2_All_K6.aln2_Cluster6.fa,20,AGATGCTTTGTGTATCATTG,128,129,130,117,118,119,120,121,122,123,124,125,126,127
q_CEN2_All_K6.aln2_Cluster6.fa,20,TGGTTTGTGTTTTTGTAGTC,96,97,98,99,88,89,90,91
q_CEN2_All_K6.aln2_Cluster6.fa,20,AAGAAGCTTGGTTTGTGTTT,80,81,82,83,88,89,90,91
q_CEN2_All_K6.aln2_Cluster6.fa,20,AAACTAGAAACGCAATAAGA,145,146,147,148,153
q_CEN2_All_K6.aln2_Cluster6.fa,20,TGAAGAAGCTTGGTTTGTGT,78,79,80,81,86,87,88
q_CEN2_All_K6.aln2_Cluster6.fa,20,ATGCTTTGTGTATCATTGAG,128,129,130,131,132,119,120,121,122,123,124,125,126,127
q_CEN2_All_K6.aln2_Cluster6.fa,20,AGCTTTGAGAATCAAGAATA,64,65,66,67,72,73,74
q_CEN2_All_K6.aln2_Cluster6.fa,20,GTTGAGCATAAGAACTAGAA,131,133,135,136,137,138,141,143,144
q_CEN2_All_K6.aln2_Cluster6.fa,20,GAACTTCGGCTTCACCATCA,40,44,45,46,52,53,54
q_CEN2_All_K6.aln2_Cluster6.fa,20,GCATAAGAACTAGAACCGCA,136,138,139,140,141,142,143,144,145,146,147,148,149,150,151
q_CEN2_All_K6.aln2_Cluster6.fa,20,TCAAGAAGTGGCTTGGTTAG,76,77,78,83,84,85
q_CEN2_All_K6.aln2_Cluster6.fa,20,AAAACACCAAAAACTCATAA,35,26,27,34,33
q_CEN2_All_K6.aln2_Cluster6.fa,20,TGGTTAGCGGATTTATAGCC,96,97,98,89,90,95
q_CEN2_All_K6.aln2_Cluster6.fa,20,AAACTCATAAGAATTCGGCT,33,34,35,36,37,42,43,44
q_CEN2_All_K6.aln2_Cluster6.fa,20,AATTTCGGCTTCACCATCAA,46,47,48,49,53,54,55,56
q_CEN2_All_K6.aln2_Cluster6.fa,20,AGAATTCGGCTTCACTATCA,42,43,44,45,51,52,53
q_CEN2_All_K6.aln2_Cluster6.fa,20,GTTTTTGTAGTCCAAATTGA,96,97,98,99,104,106
q_CEN2_All_K6.aln2_Cluster6.fa,20,TAAGAACTTCGGGTTCACCA,41,42
q_CEN2_All_K6.aln2_Cluster6.fa,20,AGCGGATTTATAGCCAAATA,100,101,102,103,94,95
q_CEN2_All_K6.aln2_Cluster6.fa,20,AGTGGCTTGGTTAGCGGATT,88,89,91,83,82
q_CEN2_All_K6.aln2_Cluster6.fa,20,GATTCAAAACCAAAAACTCA,19,20,21,22,27,28,29,30,31
q_CEN2_All_K6.aln2_Cluster6.fa,20,CAGTATAAAAACTAGAAACG,137,138,139,140,145,147
q_CEN2_All_K6.aln2_Cluster6.fa,20,GCTTTGGGAATAAAGAAGAA,67,68,69,70,75,76,77
q_CEN2_All_K6.aln2_Cluster6.fa,20,TCACCATCAAAGCTTTGGGA,64,65,66,56,57,58,59,63
q_CEN2_All_K6.aln2_Cluster6.fa,20,AGCTTGGTTAGCGGATTTGT,83,84,85,86,87,88,90,92,93,94
q_CEN2_All_K6.aln2_Cluster6.fa,20,TCAAAGCTTTGAGAATCAAG,64,68,69,70,71,60,61,62,63
q_CEN2_All_K6.aln2_Cluster6.fa,20,ATCAAGAAGTGGCTTGGTTA,75,76,77,82,83,84
q_CEN2_All_K6.aln2_Cluster6.fa,20,ATCAAAGCTTTGAGAATCAA,67,68,69,70,59,60,61,62,63
